timestamp_s,frame_number,point_index,x,y,z,doppler_mps,range,azimuth_deg,elevation_deg,snr_db,noise_db
0.0,1,0,-0.11562623083591461,0.035704322159290314,-0.03351842239499092,0.0,0.12556953658441058,162.83979055371722,-15.481734435092708,28.5,59.7
0.0,1,1,1.3875149488449097,4.265698432922363,0.5599727630615234,0.0,4.5205033291963357,71.98171126525382,7.115734512215269,12.4,69.7
0.521891,3,0,-0.11562623083591461,0.03571847826242447,-0.03350333496928215,0.0,0.12556953611751309,162.833386700503,-15.474591223513034,28.6,59.6
0.521891,3,1,1.3875149488449097,4.270838737487793,0.5193178653717041,0.0,4.5205035449813158,72.00199828944369,6.596734536530909,12.5,69.60000000000001
0.822986,4,0,-0.11562623083591461,0.035689134150743484,-0.033534593880176544,0.0,0.12556953667374246,162.84666170569713,-15.48939122548267,28.6,59.6
0.822986,4,1,0.4162544310092926,2.9616243839263916,-1.596925973892212,0.0,3.3903774581739179,81.99952063219659,-28.10034310117283,12.0,67.3
0.822986,4,2,1.3875149488449097,4.281857013702393,0.4188731014728546,0.0,4.5205035000758436,72.04533517947026,5.316694874934788,12.4,69.8
1.178228,5,0,-0.11562623083591461,0.03565998375415802,-0.03356558829545975,0.0,0.12556953617931113,162.8598509561819,-15.504067176388935,28.400000000000002,59.800000000000004
1.178228,5,1,0.31219086050987244,3.1617932319641113,-1.1833257675170898,0.0,3.390377478563392,84.36097625750082,-20.427678157669572,12.600000000000001,67.3
1.178228,5,2,1.3875149488449097,4.272826194763184,0.5027040839195251,0.0,4.5205036024664205,72.0098302678423,6.384802077027576,12.600000000000001,69.8
1.729955,7,0,-0.11562623083591461,0.035671576857566833,-0.033553268760442734,0.0,0.12556953650203545,162.8546053710999,-15.498233697898444,28.5,59.7
1.729955,7,1,1.3875149488449097,4.2749409675598145,0.48438820242881775,0.0,4.5205032839321726,72.01815672435659,6.151258934576957,12.700000000000001,69.7
2.017949,8,0,-0.11562623083591461,0.0356462188065052,-0.03358020633459091,0.0,0.12556953623389375,162.86607963034726,-15.510989188288985,28.6,59.6
2.017949,8,1,1.3875149488449097,4.266968250274658,0.5502145886421204,0.0,4.520503498027038,71.9867269113175,6.991109671304562,12.4,69.8
2.405877,9,0,-0.11562623083591461,0.03565024212002754,-0.033575937151908875,0.0,0.12556953681592414,162.8642590274568,-15.50896752242186,28.6,59.6
2.405877,9,1,1.3875149488449097,4.250461578369141,0.6658315658569336,0.0,4.5205036264283516,71.92131601209799,8.469994999683628,12.4,69.7
2.922451,11,0,-0.11562623083591461,0.03566911444067955,-0.033555883914232254,0.0,0.12556953582604316,162.85571952746812,-15.499472074237369,28.6,59.6
2.922451,11,1,1.3875149488449097,4.282663345336914,0.41054806113243103,0.0,4.5205035973063952,72.04849870492015,5.210730962702319,12.700000000000001,69.4
2.922451,11,2,0.6744863390922546,2.1791634559631348,-3.7565619945526123,0.25578173995018005,4.3949338115999383,72.80185792707164,-58.73193390703892,12.200000000000001,57.1
2.922451,11,3,-3.642226219177246,2.1003565788269043,-1.2798959016799927,0.25578173995018005,4.3949338003001674,150.02931203404208,-16.93105446572845,12.200000000000001,57.1
2.922451,11,4,0.3237534463405609,3.155740261077881,-1.5160380601882935,0.34104230999946594,3.5159471397256197,84.14240929782258,-25.54304669979286,36.5,41.6
2.922451,11,5,0.8363630771636963,2.6563892364501953,-2.719717264175415,0.42630288004875183,3.8926557733024612,72.52341265677654,-44.321124499314024,19.5,45.2
3.230539,12,0,-0.11562623083591461,0.03571919724345207,-0.033502571284770966,0.0,0.12556953687789091,162.83306146396706,-15.474229561064158,28.400000000000002,59.800000000000004
3.230539,12,1,1.3875149488449097,4.2805023193359375,0.4324986934661865,0.0,4.5205036178459572,72.0400178040149,5.490165191850332,12.700000000000001,69.4
3.230539,12,2,0.6706321835517883,1.1560524702072144,-3.3873941898345947,0.34104230999946594,3.6415167494895329,59.88175181834699,-68.46838381581856,34.0,42.300000000000004
3.230539,12,3,-4.0237932205200195,1.7182402610778809,-1.136525273323059,0.34104230999946594,4.5205034203276417,156.876547672191,-14.561298452492238,11.4,57.0
3.230539,12,4,-3.237534523010254,4.053887367248535,-0.9479468464851379,0.42630288004875183,5.2739203442772631,128.61172739497155,-10.354752897431487,11.700000000000001,51.5
3.230539,12,5,1.8731449842453003,4.175993919372559,-9.083189010620117,-0.34104230999946594,10.171131694619334,65.84134736551505,-63.2572921192936,12.8,44.6
3.230539,12,6,5.9316253662109375,8.048625946044922,-1.8674499988555908,-0.34104230999946594,10.1711321200076,53.610763098189786,-10.579693015792158,12.8,44.6
3.531725,13,0,-0.11562623083591461,0.03572994843125343,-0.0334911048412323,0.0,0.12556953681409616,162.82819821846036,-15.468800857887425,28.5,59.7
3.531725,13,1,1.3875149488449097,4.285768508911133,0.37675201892852783,0.0,4.5205034596833533,72.06067130132641,4.7807438125567865,12.600000000000001,69.5
3.531725,13,2,-3.480349540710449,4.006728649139404,-0.9938735365867615,0.34104230999946594,5.3994899759222985,130.97843684658102,-10.60680195367535,14.9,52.7
3.531725,13,3,0.34687870740890503,3.4201009273529053,-1.540623664855957,0.42630288004875183,3.7670859384473929,84.20866360885576,-24.140123696437996,34.7,41.2
3.531725,13,4,0.0,3.5275940895080566,2.826841354370117,0.42630288004875183,4.5205035231829269,90.0,38.70697930208625,13.200000000000001,55.900000000000006
3.531725,13,5,1.6650177240371704,4.198330402374268,0.19154714047908783,0.42630288004875183,4.5205035666265889,68.36719609562715,2.428519165011105,13.200000000000001,55.900000000000006
3.531725,13,6,0.6359442472457886,3.8399174213409424,-1.4218450784683228,1.1083874702453613,4.14379467583606,80.59636868362028,-20.067462155741822,27.0,40.6
3.898306,14,0,-0.11562623083591461,0.03568647801876068,-0.03353742137551308,0.0,0.12556953692366005,162.8478634090214,-15.49072997270466,28.5,59.7
3.898306,14,1,1.3875149488449097,4.279181957244873,0.44536951184272766,0.0,4.5205032859801335,72.03483225612011,5.654073221947851,12.700000000000001,69.4
3.898306,14,2,0.5087553858757019,3.9509575366973877,-1.1411113739013672,0.25578173995018005,4.1437944769366268,82.6625356546512,-15.984563881939783,31.8,40.7
3.898306,14,3,2.6362781524658203,2.8345119953155518,2.33463716506958,0.42630288004875183,4.520503449979933,47.07520216672989,31.09476711714117,14.100000000000001,53.1
3.898306,14,4,0.9712603688240051,4.174347400665283,-1.437508225440979,0.42630288004875183,4.5205036028853716,76.9018320158411,-18.54185704180868,14.100000000000001,53.1
3.898306,14,5,0.37000396847724915,3.7095258235931396,-1.499549150466919,0.5115634799003601,4.0182250344224544,84.30391405328733,-21.91229960899162,36.2,41.300000000000004
3.898306,14,6,0.9173015356063843,2.578016996383667,-3.277172327041626,1.790472149848938,4.2693643791548554,70.41359135226547,-50.13902973472074,22.8,40.7
4.428093,16,0,-0.11562623083591461,0.03572431951761246,-0.03349710628390312,0.0,0.1255695360814548,162.8307443973052,-15.471642275674952,28.400000000000002,59.800000000000004
4.428093,16,1,1.3875149488449097,4.276419639587402,0.47115930914878845,0.0,4.5205037066365188,72.02397424684915,5.982642365534876,12.700000000000001,69.4
4.428093,16,2,0.292919784784317,4.751686096191406,-0.32287299633026123,0.25578173995018005,4.7716422465243662,86.47244031744519,-3.879881357240078,19.900000000000002,43.1
4.428093,16,3,0.2620861232280731,4.064016342163086,-1.2816216945648193,0.5115634799003601,4.2693643711138716,86.31013705473957,-17.469032256813335,35.1,41.300000000000004
4.428093,16,4,3.1565961837768555,3.7118752002716064,0.49047616124153137,0.5115634799003601,4.8972118429339169,49.6220039113162,5.748048029141114,15.100000000000001,53.400000000000006
4.428093,16,5,1.503141164779663,4.160549640655518,2.1007328033447266,0.5115634799003601,4.8972119603568833,70.1360090393393,25.401897920038373,15.100000000000001,53.400000000000006
4.428093,16,6,-2.2662739753723145,2.589507579803467,3.996584892272949,1.3641692399978638,5.27392055670673,131.19162458660276,49.270764175682146,16.0,44.800000000000004
4.428093,16,7,-4.37067174911499,2.892040967941284,-0.5895461440086365,1.3641692399978638,5.2739204729193725,146.50769023962894,-6.418233562345032,16.0,44.800000000000004
4.737535,17,0,-0.11562623083591461,0.035710062831640244,-0.03351230546832085,0.0,0.1255695363635701,162.8371935694248,-15.478838322098477,28.5,59.7
4.737535,17,1,1.3875149488449097,4.275791168212891,0.4768277704715729,0.0,4.5205035748385756,72.02150210389858,6.054886519259611,12.600000000000001,69.5
4.737535,17,2,0.8479257225990295,5.123006820678711,4.553365230560303,0.0,6.906324046744488,80.60198726644163,41.2467931677589,11.600000000000001,67.9
4.737535,17,3,0.1503141075372696,4.752021312713623,-1.1740467548370361,0.5115634799003601,4.897212132423161,88.18824606901806,-13.871064328221577,23.400000000000002,42.2
4.737535,17,4,0.5550059676170349,3.5891153812408447,-2.691685676574707,0.6820846199989319,4.520503580955066,81.20964195713017,-36.54395811510036,33.1,41.1
5.022614,18,0,-0.11562623083591461,0.03569076210260391,-0.03353286162018776,0.0,0.12556953677235391,162.84592518554354,-15.488571016829658,28.400000000000002,59.800000000000004
5.022614,18,1,1.3875149488449097,4.278780937194824,0.449207067489624,0.0,4.5205034046279113,72.03325672945248,5.702952597309022,12.600000000000001,69.5
5.022614,18,2,0.42396286129951477,5.5206475257873535,4.127956390380859,0.0,6.9063244618704,85.60854096800057,36.70582795780554,11.200000000000001,68.3
5.022614,18,3,3.39941143989563,3.9611148834228516,0.7535310387611389,0.596824049949646,5.273920579961719,49.36395141236289,8.214459980113256,16.8,50.2
5.022614,18,4,0.8556341528892517,2.2410686016082764,-3.9788811206817627,0.6820846199989319,4.6460728850527886,69.10327399486309,-58.91437166664278,34.800000000000004,40.900000000000006
5.340007,19,0,-0.11562623083591461,0.03572418540716171,-0.03349725157022476,0.0,0.125569536684199,162.83080506158515,-15.471710984444357,28.400000000000002,59.800000000000004
5.340007,19,1,1.3875149488449097,4.278875827789307,0.44830599427223206,0.0,4.5205037714184169,72.03362955954037,5.691474655919498,12.600000000000001,69.5
5.340007,19,2,0.7708415389060974,4.183046340942383,-2.6713781356811523,0.25578173995018005,5.0227815513288938,79.55881045137046,-32.130695810902324,26.3,42.5
5.340007,19,3,1.4915783405303955,5.0713605880737305,1.100447654724121,0.5115634799003601,5.3994897167227531,73.61044202010476,11.759604262027008,19.900000000000002,48.300000000000004
5.340007,19,4,3.3146185874938965,3.8726329803466797,1.780592441558838,0.5115634799003601,5.3994899781336114,49.439507887448904,19.254845605006867,19.900000000000002,48.300000000000004
5.340007,19,5,0.3006282150745392,4.724323272705078,-1.2542238235473633,0.596824049949646,4.897211972977634,86.35894203747218,-14.839354079900403,33.4,41.900000000000006
5.340007,19,6,1.4915783405303955,5.1372199058532715,-0.7339338660240173,0.596824049949646,5.3994900895113664,73.80948330308992,-7.812199114200317,18.900000000000002,49.300000000000004
5.340007,19,7,3.3146185874938965,4.0134687423706055,1.4352227449417114,0.596824049949646,5.3994899809281938,50.447592757418185,15.414916006663882,18.900000000000002,49.300000000000004
5.340007,19,8,0.4740675687789917,4.7567925453186035,-1.9114670753479004,0.9378663301467896,5.1483513632138314,84.30862812753705,-21.794426231168412,24.700000000000003,41.6
5.636506,20,0,-0.11562623083591461,0.03564973920583725,-0.033576469868421555,0.0,0.12556953647915342,162.8644866008673,-15.509219821992255,28.5,59.7
5.636506,20,1,1.3875149488449097,4.278799533843994,0.4490293264389038,0.0,4.5205033480901049,72.03332979783451,5.700688662614006,12.600000000000001,69.5
5.636506,20,2,0.6320900917053223,3.7166216373443604,-3.5060954093933105,0.7673451900482178,5.148351124289908,80.34799300385389,-42.92287398791212,26.1,41.300000000000004
5.636506,20,3,-2.8366971015930176,2.203749179840088,4.523396015167236,0.7673451900482178,5.7761987850023759,142.15738378817002,51.54616460480213,18.1,52.400000000000006
5.636506,20,4,-5.141513347625732,2.301173448562622,-1.2782458066940308,0.7673451900482178,5.7761986709698645,155.88826965623312,-12.78512550601091,18.1,52.400000000000006
5.636506,20,5,1.1100119352340698,1.731870174407959,-5.665448188781738,0.9378663301467896,6.027338050676784,57.34286851870963,-70.04460367445036,14.600000000000001,48.6
5.636506,20,6,0.7901126146316528,4.192809581756592,-2.8812482357025146,1.1083874702453613,5.148351340808901,79.32806635228836,-34.03123926236154,27.1,41.400000000000006
5.940908,21,0,-0.11562623083591461,0.035704679787158966,-0.03351804241538048,0.0,0.12556953684466235,162.83962876671896,-15.481554494582292,28.5,59.7
5.940908,21,1,1.3875149488449097,4.279416561126709,0.44311365485191345,0.0,4.52050368300147,72.03575384344303,5.625341464185755,12.5,69.60000000000001
5.940908,21,2,1.0175108909606934,3.1668953895568848,-4.411545276641846,0.25578173995018005,5.5250598684069709,72.18799470730622,-52.98339670673851,23.8,43.0
5.940908,21,3,1.59564208984375,4.770554542541504,2.83905029296875,0.42630288004875183,5.7761986538077315,71.50608264115415,29.43977416346781,23.8,47.6
5.940908,21,4,3.5458712577819824,4.534343242645264,0.48062363266944885,0.42630288004875183,5.7761986370940814,51.97447613553351,4.772962820296603,23.8,47.6
5.940908,21,5,0.3237534463405609,5.089146137237549,-1.345366358757019,0.5115634799003601,5.27392030082484,86.35995071032357,-14.779390365053077,32.7,42.300000000000004
6.229433,22,0,-0.11562623083591461,0.03570006787776947,-0.03352295234799385,0.0,0.125569536265463,162.8417151665243,-15.483879268491789,28.5,59.7
6.229433,22,1,1.3875149488449097,4.279243469238281,0.4447785019874573,0.0,4.5205033257499965,72.0350739006648,5.646545758120117,12.600000000000001,69.5
6.229433,22,2,1.4800158739089966,4.941065788269043,3.1183688640594482,0.596824049949646,6.0273379267601053,73.32526827566572,31.15605706047159,19.1,50.7
6.229433,22,3,-3.145033597946167,3.058903932571411,4.132877349853516,0.596824049949646,6.0273381180951908,135.79538990864663,43.289789825254296,19.1,50.7
6.229433,22,4,0.49719277024269104,4.876894950866699,-2.2634456157684326,0.6820846199989319,5.3994898896203187,84.17888534458491,-24.783850309000616,31.5,40.900000000000006
6.51731,23,0,-0.11562623083591461,0.03571157902479172,-0.033510688692331314,0.0,0.12556953607622551,162.8365076811028,-15.47807288092024,28.5,59.7
6.51731,23,1,1.3875149488449097,4.279003620147705,0.44708284735679626,0.0,4.5205035988157247,72.03413163872855,5.675895328655363,12.5,69.60000000000001
6.51731,23,2,0.7400079369544983,5.56334924697876,-2.197802782058716,0.42630288004875183,6.0273380243221641,82.42328769344334,-21.38537061922197,21.5,45.2
6.51731,23,3,0.34687870740890503,5.356212139129639,-1.7664296627044678,0.5115634799003601,5.6506289092715685,86.29458848914584,-18.21644833841118,26.700000000000003,41.2
6.821483,24,0,-0.11562623083591461,0.03573077544569969,-0.033490221947431564,0.0,0.12556953666140308,162.82782413321786,-15.468382882887617,28.400000000000002,59.800000000000004
6.821483,24,1,1.3875149488449097,4.278966426849365,0.44743743538856506,0.0,4.5205034757158646,72.03398551400323,5.680411921868952,12.5,69.60000000000001
6.821483,24,2,0.6359442472457886,4.818297386169434,4.9068217277526855,0.0,6.9063242216911638,82.48125958960007,45.27417733379187,11.4,68.10000000000001
6.821483,24,3,0.6937574148178101,4.532421588897705,-3.302342176437378,0.34104230999946594,5.6506290499729186,81.2975363785655,-35.762045564320346,25.6,40.400000000000006
6.821483,24,4,1.3489726781845093,4.343648910522461,4.32807731628418,0.34104230999946594,6.27847643940032,72.74718675576725,43.578798453218496,21.5,48.5
6.821483,24,5,-3.276076555252075,3.1855032444000244,4.305712699890137,0.34104230999946594,6.2784767555475263,135.80307428988428,43.29771930486088,21.5,48.5
6.821483,24,6,-4.663591384887695,1.7970836162567139,4.766416072845459,0.42630288004875183,6.9063243703504522,158.9261667379395,43.64217080313737,12.0,53.6
7.134058,25,0,-0.11562623083591461,0.03569962829351425,-0.03352342173457146,0.0,0.12556953660187342,162.8419140342214,-15.484101467313472,28.5,59.7
7.134058,25,1,1.3875149488449097,4.2789740562438965,0.44736364483833313,0.0,4.5205033943134554,72.03401548849325,5.679472140837674,12.600000000000001,69.5
7.134058,25,2,0.42396286129951477,4.684351921081543,5.05711555480957,0.0,6.9063242874193591,84.82846702926975,47.074860434164755,11.3,68.4
7.134058,25,3,-3.145033597946167,3.545128107070923,4.307277679443359,0.25578173995018005,6.4040464267200194,131.57759292303908,42.267037672389385,23.1,47.1
7.134058,25,4,-5.503808975219727,2.395266056060791,-2.232173204421997,0.25578173995018005,6.4040463715970857,156.48125122881228,-20.399061200160634,23.1,47.1
7.134058,25,5,1.0868866443634033,3.268007755279541,-4.792668342590332,0.34104230999946594,5.9017681340705286,71.6037071883438,-54.29899617256822,23.3,41.5
7.134058,25,6,-4.74838399887085,2.5661814212799072,4.507227420806885,0.34104230999946594,7.0318942476781015,151.61176773790925,39.864126098513665,15.700000000000001,52.5
7.134058,25,7,0.7091742753982544,3.8773415088653564,-4.222293853759766,0.5115634799003601,5.776198638962688,79.63504310337974,-46.96873273978963,22.8,42.2
7.442671,26,0,-0.11562623083591461,0.03573000431060791,-0.033491045236587524,0.0,0.12556953681683874,162.82817294238293,-15.468772638491421,28.400000000000002,59.800000000000004
7.442671,26,1,1.3875149488449097,4.2786149978637695,0.4507864713668823,0.0,4.5205035644251277,72.03260470921435,5.723070707036751,12.5,69.60000000000001
7.442671,26,2,0.42396286129951477,4.206578731536865,5.460976600646973,0.0,6.9063242441398112,84.24484038867548,52.25295458603961,11.600000000000001,68.0
7.442671,26,3,0.9057388305664062,3.5964877605438232,-4.590836524963379,0.34104230999946594,5.9017681282709811,75.86458645480192,-51.06640109168099,28.700000000000003,42.0
7.442671,26,4,-2.374191999435425,6.583663463592529,-0.6827303171157837,0.34104230999946594,7.0318939794293955,109.83025074778556,-5.5716547237715845,14.4,49.2
7.442671,26,5,0.7708415389060974,4.917766571044922,-3.8263096809387207,-0.42630288004875183,6.2784767658911838,81.09158674211577,-37.54850206940688,21.3,42.6
7.726709,27,0,-0.11562623083591461,0.03571461886167526,-0.03350745141506195,0.0,0.12556953674393992,162.83513254927826,-15.476540086328,28.700000000000003,59.5
7.726709,27,1,1.3875149488449097,4.2787346839904785,0.44965043663978577,0.0,4.5205037047237937,72.0330749927792,5.708599744404522,12.600000000000001,69.60000000000001
7.726709,27,2,0.3545871376991272,5.5004730224609375,-1.7272918224334717,-0.25578173995018005,5.7761987975560327,86.31154023443801,-17.399716818528063,29.8,41.6
8.040134,28,0,-0.11562623083591461,0.03570961952209473,-0.03351277858018875,0.0,0.12556953656001815,162.83739411266882,-15.479062296982692,28.5,59.7
8.040134,28,1,1.3875149488449097,4.278387546539307,0.45293813943862915,0.0,4.5205033668617975,72.0317109174632,5.750479863491169,12.4,69.7
8.040134,28,2,0.1772935688495636,5.768988132476807,-0.22763168811798096,-0.7673451900482178,5.776198859773535,88.23972995111536,-2.258529104915573,23.5,41.2
8.040134,28,3,0.724591076374054,4.768011569976807,-3.401749610900879,-0.5115634799003601,5.9017681227457492,81.35892026073917,-35.197383231490996,24.1,40.300000000000004
8.040134,28,4,0.5318806767463684,4.731349468231201,-3.2704591751098633,-0.34104230999946594,5.7761984090652678,83.58595052267928,-34.48536981075768,26.8,41.0
8.040134,28,5,1.5725167989730835,5.1103434562683105,3.5246832370758057,-0.34104230999946594,6.4040464743629144,72.8962117226044,33.39334512727672,18.7,50.900000000000006
8.040134,28,6,-3.145033597946167,3.467665672302246,4.369882106781006,-0.34104230999946594,6.4040464687756913,132.20676708473943,43.02854571694251,18.7,50.900000000000006
8.040134,28,7,-3.0640954971313477,5.407595157623291,2.3792293071746826,-0.25578173995018005,6.6551858501780687,119.53711064096085,20.94674499018372,17.900000000000002,53.1
8.342008,29,0,-0.11562623083591461,0.035689547657966614,-0.033534154295921326,0.0,0.12556953680607866,162.84647462565354,-15.489183072635159,28.5,59.7
8.342008,29,1,1.3875149488449097,4.278688430786133,0.4500863552093506,0.0,4.5205033069512108,72.03289325255061,5.71415292642089,12.700000000000001,69.5
8.342008,29,2,0.5434433221817017,5.03350305557251,-3.033048629760742,-0.596824049949646,5.90176817956917,83.8379166902465,-30.925428550082433,26.5,41.800000000000004
8.342008,29,3,-3.0833661556243896,3.618098497390747,4.101400375366211,-0.596824049949646,6.278476616626457,130.43784357977162,40.7869140461854,25.700000000000003,49.5
8.342008,29,4,1.3489726781845093,4.225418567657471,4.443577289581299,-0.596824049949646,6.278476605584788,72.29422112417551,45.05195510352048,25.700000000000003,49.5
8.342008,29,5,4.532548427581787,5.371691703796387,0.2201516330242157,-0.42630288004875183,7.0318940372087724,49.84285675284217,1.7940857558553605,12.200000000000001,54.800000000000004
8.342008,29,6,-4.964219570159912,4.956363201141357,-0.48838838934898376,-0.42630288004875183,7.031894150315245,135.0453740171658,-3.9825882971546758,12.200000000000001,54.800000000000004
8.342008,29,7,6.51361083984375,4.487872123718262,-2.012571334838867,-0.34104230999946594,8.16201971019383,34.5668074887773,-14.275084918114574,12.3,49.800000000000004
8.342008,29,8,0.5203180313110352,5.283507823944092,-1.934792399406433,-0.25578173995018005,5.65062893917011,84.37566662616047,-20.023346677254075,21.200000000000003,41.900000000000006
8.342008,29,9,-2.890655994415283,4.207886695861816,3.6547319889068604,-0.25578173995018005,6.2784766013738542,124.4875651155676,35.59872662304698,17.0,46.800000000000004
8.342008,29,10,-5.395890712738037,2.0825395584106445,-2.4426751136779785,-0.25578173995018005,6.2784766709082813,158.89594628980547,-22.89573501749626,17.0,46.800000000000004
8.639796,30,0,-0.11562623083591461,0.03568852320313454,-0.03353524208068848,0.0,0.12556953614293262,162.84693811293812,-15.489698205561451,28.3,59.900000000000006
8.639796,30,1,1.3875149488449097,4.278384685516357,0.45296499133110046,0.0,4.5205033496172273,72.03169967425204,5.75082194518857,12.600000000000001,69.5
8.639796,30,2,0.0,5.511361122131348,-0.38882070779800415,-0.7673451900482178,5.5250595436930316,90.0,-4.0354705575415375,27.5,41.800000000000004
8.639796,30,3,0.0,5.319630146026611,-0.9252167344093323,-0.596824049949646,5.3994898736960488,90.0,-9.866472528627304,27.700000000000003,41.6
8.639796,30,4,-3.145033597946167,2.6238906383514404,4.42185115814209,-0.596824049949646,6.027338225037739,140.1618746698767,47.19178937166251,20.200000000000003,51.400000000000006
8.639796,30,5,-1.1100119352340698,5.592294692993164,-1.9552279710769653,-0.596824049949646,6.0273379570522954,101.22669329735588,-18.928821518647997,20.200000000000003,51.400000000000006
8.639796,30,6,-4.578798770904541,4.602628707885742,-1.9567948579788208,-0.42630288004875183,6.78075477534052,134.85129199654293,-16.77300277245854,12.200000000000001,54.5
8.639796,30,7,4.37067174911499,5.180805206298828,0.18740691244602203,-0.42630288004875183,6.7807547865232145,49.848087601860385,1.5837459035588173,12.200000000000001,54.5
8.639796,30,8,3.39941143989563,4.409183502197266,2.6194217205047607,-0.34104230999946594,6.15290723508765,52.36833944043974,25.19630786228154,23.700000000000003,44.5
8.939537,31,0,-0.11562623083591461,0.03569648042321205,-0.033526770770549774,0.0,0.12556953583662706,162.84333814162545,-15.485687245338603,28.5,59.7
8.939537,31,1,1.3875149488449097,4.27871036529541,0.4498812258243561,0.0,4.5205036490090018,72.03297943908164,5.711539572794948,12.600000000000001,69.5
8.939537,31,2,0.3237534463405609,5.01172399520874,-1.6099828481674194,-0.596824049949646,5.2739205975784014,86.30387317710755,-17.774558021598732,32.6,42.300000000000004
8.939537,31,3,-4.520986080169678,3.0841543674468994,3.325731039047241,-0.596824049949646,6.4040463961008287,145.69873071246678,31.286457531147573,14.0,52.800000000000004
8.939537,31,4,3.260659694671631,3.784191608428955,3.1430654525756836,-0.5115634799003601,5.9017682276530481,49.25007302959067,32.1788141619569,19.400000000000002,51.6
8.939537,31,5,-3.079512119293213,2.576322078704834,4.325510025024414,-0.5115634799003601,5.901768152230523,140.08412295525267,47.13155160228458,19.400000000000002,51.6
8.939537,31,6,4.494006633758545,4.906766414642334,-0.13800179958343506,-0.42630288004875183,6.655185705058579,47.51407129316028,-1.1881693132091296,12.9,55.5
8.939537,31,7,-4.494006633758545,4.306723117828369,-2.355320692062378,-0.42630288004875183,6.6551855872214647,136.21909614011997,-20.72650794556392,12.9,55.5
8.939537,31,8,0.8286546468734741,3.6428937911987305,-3.8983519077301025,-0.34104230999946594,5.3994899105602734,77.18490296315828,-46.21862799258738,26.900000000000002,42.6
8.939537,31,9,3.441807508468628,4.346580982208252,2.0228848457336426,-0.34104230999946594,5.9017682315848612,51.62632241229371,20.04506359104552,15.8,49.1
9.244059,32,0,-0.11562623083591461,0.03572550788521767,-0.033495839685201645,0.0,0.12556953630237586,162.83020684611412,-15.471042585562206,28.3,59.900000000000006
9.244059,32,1,1.3875149488449097,4.278694152832031,0.450033962726593,0.0,4.5205035067295887,72.03291573607056,5.713485301123438,12.700000000000001,69.4
9.244059,32,2,0.15416830778121948,4.9566826820373535,-0.7974084615707397,-0.9378663301467896,5.02278123474612,88.21849669096231,-9.134833773042384,31.0,41.400000000000006
9.244059,32,3,1.2140754461288452,1.4175106287002563,-5.3335065841674805,-0.7673451900482178,5.650628996379873,49.4204676909033,-70.71342822987728,19.5,49.5
9.244059,32,4,0.4740675687789917,4.545018672943115,-2.3714098930358887,-0.6820846199989319,5.1483511610959587,84.04530375124094,-27.42682606905298,32.9,41.300000000000004
9.244059,32,5,-4.343692302703857,1.425743818283081,4.117992401123047,-0.42630288004875183,6.1529074161446893,161.828449287319,42.011199890732016,14.5,52.900000000000006
9.527577,33,0,-0.11562623083591461,0.03569537401199341,-0.03352795168757439,0.0,0.12556953662230591,162.8438386910757,-15.486246282360161,28.5,59.7
9.527577,33,1,1.3875149488449097,4.278778553009033,0.44923070073127747,0.0,4.5205034964523234,72.03324736166962,5.703253514099043,12.5,69.60000000000001
9.527577,33,2,0.292919784784317,4.632740020751953,-1.1047571897506714,-1.0231269598007202,4.7716423324156114,86.38210741759463,-13.386904817661083,26.8,43.1
9.527577,33,3,-1.16011643409729,5.226379871368408,-0.7025474905967712,-0.8526057600975037,5.3994897608062278,102.51521227400929,-7.4761615780633175,23.200000000000003,45.6
9.527577,33,4,-2.485963821411133,2.108318567276001,4.304586887359619,-0.8526057600975037,5.3994899364027109,139.69908933928113,52.86554298633147,23.200000000000003,45.6
9.527577,33,5,0.1464598923921585,4.613560676574707,-1.2092052698135376,-0.6820846199989319,4.7716422750517271,88.18172620703558,-14.679681060704576,35.2,41.5
9.839367,34,0,-0.11562623083591461,0.03568808361887932,-0.03353571146726608,0.0,0.12556953656569755,162.84713699182802,-15.489920399700718,28.400000000000002,59.800000000000004
9.839367,34,1,1.3875149488449097,4.2796831130981445,0.4405291974544525,0.0,4.5205034294440463,72.03680082052648,5.592427111357689,12.600000000000001,69.5
9.839367,34,2,0.28521138429641724,4.526159763336182,-1.0092201232910156,-0.8526057600975037,4.6460728571807017,86.3943317201538,-12.545804736385609,35.1,40.900000000000006
9.839367,34,3,0.0,5.018189430236816,-1.6223478317260742,-0.7673451900482178,5.2739205193903711,90.0,-17.91568093176194,13.100000000000001,53.0
9.839367,34,4,-4.532547950744629,2.5029208660125732,-1.0028127431869507,-0.7673451900482178,5.2739204758147995,151.0920562968096,-10.961281035386186,13.100000000000001,53.0
9.839367,34,5,4.046917915344238,4.637669563293457,1.2384456396102905,-0.5115634799003601,6.27847682118063,48.89143583666786,11.376342140938236,12.100000000000001,52.400000000000006
9.839367,34,6,-2.5900275707244873,1.239819884300232,4.423668384552002,-0.42630288004875183,5.2739205662489974,154.4200352827057,57.011699390464706,16.900000000000002,48.800000000000004
9.839367,34,7,-4.694425106048584,2.2777347564697266,-0.7671607136726379,-0.42630288004875183,5.2739205774956615,154.1173415366701,-8.364095850226345,16.900000000000002,48.800000000000004
10.140978,35,0,-0.11562623083591461,0.035721976310014725,-0.03349960595369339,0.0,0.12556953630505369,162.83180434279697,-15.472825703543347,28.5,59.7
10.140978,35,1,1.3875149488449097,4.277770519256592,0.4587288498878479,0.0,4.5205033465763886,72.0292858165971,5.824251113518961,12.5,69.60000000000001
10.140978,35,2,0.40469181537628174,4.147004127502441,-1.397863507270813,-1.193648099899292,4.3949335699091394,84.42635085093221,-18.545792785568842,26.200000000000003,41.400000000000006
10.140978,35,3,0.6937574744224548,3.77683424949646,-2.3851988315582275,-1.0231269598007202,4.5205032737023041,79.59150760715617,-31.84614460635958,27.0,41.7
10.140978,35,4,-4.424630641937256,2.1495554447174072,-1.5190703868865967,-1.0231269598007202,5.14835116982128,154.08878641805495,-17.161110700180277,14.3,51.2
10.140978,35,5,-2.370337724685669,2.5125133991241455,3.81762957572937,-1.0231269598007202,5.1483512008535328,133.3321700936208,47.86145901519374,14.3,51.2
10.140978,35,6,0.2620861232280731,4.1329851150512695,-1.0378893613815308,-0.6820846199989319,4.2693640537781548,86.37154538452222,-14.069673684780508,35.2,42.0
10.140978,35,7,3.1604504585266113,3.906719923019409,1.120094656944275,-0.5115634799003601,5.1483511630650218,51.02790316831042,12.56598130624637,17.3,49.300000000000004
10.140978,35,8,0.8556341528892517,2.4856319427490234,-3.8308637142181396,-0.34104230999946594,4.6460728314693895,71.00489569923802,-55.54168201936762,32.4,40.800000000000004
10.429567,36,0,-0.11562623083591461,0.03568924218416214,-0.03353447839617729,0.0,0.12556953653774339,162.84661282889257,-15.489336562832653,28.700000000000003,59.5
10.429567,36,1,1.3875149488449097,4.278892993927002,0.4481402337551117,0.0,4.5205035843206405,72.03369700459119,5.689363532063657,12.600000000000001,69.5
10.429567,36,2,0.25437769293785095,3.9641001224517822,-1.1799302101135254,-0.7673451900482178,4.1437945282343769,86.32834400004461,-16.543685043794536,32.5,41.900000000000006
10.429567,36,3,0.6744863390922546,3.1341257095336914,-3.0062880516052246,-0.6820846199989319,4.3949338600263914,77.8547745353573,-43.15975305361544,26.6,42.900000000000006
10.429567,36,4,0.7130284309387207,4.490896701812744,-0.9536402225494385,-0.6820846199989319,4.6460727936337438,80.97834191278176,-11.844559859788628,19.1,48.800000000000004
10.429567,36,5,0.5395891070365906,3.6864006519317627,-2.331252098083496,-0.596824049949646,4.3949337328126088,81.67258697330537,-32.035241714504146,27.900000000000002,41.6
10.429567,36,6,-2.1043975353240967,2.9478275775909424,3.296135425567627,-0.596824049949646,4.8972119780101107,125.52231310165614,42.30396232950069,17.2,50.6
10.429567,36,7,0.8093836307525635,3.063864231109619,-3.045172691345215,-0.42630288004875183,4.3949337433592559,75.20217136955533,-43.858719300306646,28.6,41.300000000000004
10.74032,37,0,-0.11562623083591461,0.035642124712467194,-0.03358455374836922,0.0,0.12556953675878707,162.86793229897947,-15.513047779209208,28.3,59.900000000000006
10.74032,37,1,1.3875149488449097,4.277735233306885,0.45905977487564087,0.0,4.5205035489923109,72.02914711317767,5.828466988786774,12.700000000000001,69.4
10.74032,37,2,0.9442808628082275,2.347257375717163,-3.593627691268921,-1.193648099899292,4.3949338469628039,68.08551355442387,-54.852728615205294,22.5,42.1
10.74032,37,3,0.37000396847724915,3.8795132637023926,-0.979084312915802,-1.0231269598007202,4.0182250051147594,84.55196196942192,-14.102710769233658,27.0,40.800000000000004
10.74032,37,4,0.2389608770608902,3.787581205368042,-0.8659647703170776,-0.7673451900482178,3.8926557350288822,86.38995804852968,-12.853630917468495,31.8,41.800000000000004
10.74032,37,5,2.6362781524658203,2.6720337867736816,2.518972873687744,-0.6820846199989319,4.5205034446622641,45.385926068598295,33.86464386912671,18.8,50.5
10.74032,37,6,-0.13875149190425873,3.6921494007110596,2.6045596599578857,-0.6820846199989319,4.52050331223821,92.15217065844043,35.18131874272928,18.8,50.5
10.74032,37,7,0.24666929244995117,3.8376681804656982,-1.1651569604873657,-0.596824049949646,4.018225173602,86.32232550013657,-16.856043864876465,29.6,40.900000000000006
10.74032,37,8,3.646080493927002,3.982147693634033,0.05556396394968033,-0.5115634799003601,5.3994898440685688,47.52257649440669,0.589618076931705,12.200000000000001,54.0
11.039621,38,0,-0.11562623083591461,0.0357012003660202,-0.03352174535393715,0.0,0.12556953602076079,162.84120283136986,-15.483307822773341,28.400000000000002,59.800000000000004
11.039621,38,1,1.3875149488449097,4.27972412109375,0.4401325285434723,0.0,4.5205036144905177,72.0369618834495,5.587375221241078,12.600000000000001,69.5
11.039621,38,2,0.33531609177589417,3.3578436374664307,-1.3686097860336304,-0.6820846199989319,3.6415166512738439,84.29731810955101,-22.07593670910068,39.400000000000006,41.5
11.039621,38,3,-4.1625447273254395,1.6627572774887085,-0.5860130786895752,-0.596824049949646,4.5205034785100775,158.22542006077825,-7.448470332061616,11.4,56.2
11.039621,38,4,3.1912841796875,1.8678330183029175,-2.6003570556640625,-0.596824049949646,4.5205034804464184,30.34009609105201,-35.116172182321286,11.4,56.2
11.039621,38,5,0.9018846154212952,2.478549003601074,-4.126267433166504,-0.5115634799003601,4.8972118550044357,70.00476536805384,-57.41302221312259,13.0,55.5
11.039621,38,6,1.0791782140731812,2.925868511199951,-3.0967905521392822,-0.25578173995018005,4.3949338887383416,69.75399324837915,-44.79944484387451,18.0,46.6
11.343596,39,0,-0.11562623083591461,0.03573785349726677,-0.033482667058706284,0.0,0.12556953620714098,162.82462256451046,-15.46480621354833,28.5,59.7
11.343596,39,1,1.3875149488449097,4.282777786254883,0.40935268998146057,0.0,4.5205036140347712,72.0489476099356,5.195517349786655,12.5,69.60000000000001
11.343596,39,2,0.0,9.232501983642578,-2.415614366531372,0.8526057600975037,9.5432848456785,90.0,-14.662327199315639,14.100000000000001,42.900000000000006
11.343596,39,3,0.31219086050987244,3.129570245742798,-1.2660905122756958,-1.0231269598007202,3.3903773007880793,84.30329515489738,-21.9277097132928,36.9,41.6
11.343596,39,4,0.8556341528892517,3.265798807144165,-3.1919338703155518,-0.8526057600975037,4.6460729099748725,75.31858481011243,-43.394487441930224,17.900000000000002,50.7
11.343596,39,5,0.8093836307525635,2.118040084838867,-3.0082788467407227,-0.7673451900482178,3.767086046596511,69.08624279580928,-52.99368630826708,25.900000000000002,45.7
11.343596,39,6,-3.8002490997314453,1.7364164590835571,-0.8777452111244202,-0.7673451900482178,4.2693643549172275,155.44330835673685,-11.8641296771347,14.700000000000001,55.300000000000004
11.343596,39,7,0.9057388305664062,5.394546985626221,-2.215709924697876,-0.596824049949646,5.9017684196967108,80.46899457090707,-22.050986292960218,12.100000000000001,48.0
11.62896,40,0,-0.11562623083591461,0.03569379821419716,-0.033529628068208694,0.0,0.12556953630028442,162.8445515994992,-15.487040052341419,28.5,59.7
11.62896,40,1,1.3875149488449097,4.27342414855957,0.4975954294204712,0.0,4.5205036111190449,72.01218533641983,6.319651688236541,13.0,69.2
11.62896,40,2,1.1100119352340698,1.9581785202026367,-3.328594923019409,-2.2167749404907227,4.0182252021129505,60.4528589479988,-55.93211073640075,15.8,41.1
11.62896,40,3,0.20041880011558533,3.2491159439086914,-0.2490961104631424,-1.3641692399978638,3.2648079552477971,86.47023358072336,-4.375767107244993,28.6,41.400000000000006
11.62896,40,4,0.8633425831794739,0.6658086776733398,-3.342637062072754,-0.8526057600975037,3.5159471184786755,37.63936277621916,-71.93538764909397,31.3,42.6
11.62896,40,5,0.28906556963920593,2.865053415298462,-1.250091314315796,-0.6820846199989319,3.1392384857146505,84.23871845340224,-23.466626108023306,35.0,40.800000000000004
11.62896,40,6,2.6285696029663086,2.805088996887207,0.612262487411499,-0.596824049949646,3.8926556220127475,46.86067277460285,9.049434517272877,21.5,52.7
11.62896,40,7,0.728445291519165,2.2683582305908203,-2.412172794342041,-0.5115634799003601,3.390377441346236,72.19644766366429,-45.355148748435056,36.2,40.5
11.920092,41,0,-0.11562623083591461,0.035715389996767044,-0.03350662812590599,0.0,0.12556953638645454,162.83478371393235,-15.476150341633318,28.6,59.6
11.920092,41,1,1.3875149488449097,4.2550764083862305,0.6356708407402039,0.0,4.5205033339486116,71.93964937233828,8.083694621229562,12.5,69.7
11.920092,41,2,0.0,9.78812026977539,-1.6121330261230469,0.9378663301467896,9.9199935135817761,90.0,-9.352819908867705,18.2,41.7
11.920092,41,3,0.27750298380851746,2.871859550476074,-0.8704108595848083,-0.8526057600975037,3.0136689015494773,84.480739956191,-16.787384052693746,40.800000000000004,41.6
11.920092,41,4,2.6594033241271973,2.4952595233917236,0.9445585012435913,-0.6820846199989319,3.767085994734845,43.176103783133925,14.521295811044181,14.5,56.800000000000004
12.236329,42,0,-0.11562623083591461,0.035690125077962875,-0.03353353962302208,0.0,0.12556953677166144,162.84621338838582,-15.48889203955214,28.5,59.7
12.236329,42,1,1.3875149488449097,4.252853870391846,0.650374174118042,0.0,4.5205033284507952,71.93082437249275,8.271968756131438,13.200000000000001,69.10000000000001
12.236329,42,2,1.0059483051300049,2.30767822265625,-2.631222724914551,-1.875732660293579,3.6415166895158659,66.4469584167167,-46.26643702996264,18.0,40.6
12.236329,42,3,0.9712603688240051,7.131718635559082,-3.282876968383789,-1.278908610343933,7.9108810249158452,82.24466741560965,-24.51821270627689,11.4,45.7
12.236329,42,4,1.002094030380249,2.1219990253448486,2.2697794437408447,-1.193648099899292,3.2648079625786135,64.7214181748216,44.045230766431374,26.400000000000002,42.300000000000004
12.236329,42,5,0.8671967387199402,1.886171579360962,2.3548128604888916,-0.9378663301467896,3.1392382863298862,65.30865711732258,48.600978990119536,31.900000000000002,42.7
12.236329,42,6,0.23125246167182922,2.1370272636413574,-1.2987377643585205,-0.7673451900482178,2.5113906520385707,83.82392878259597,-31.140528570238715,26.700000000000003,41.7
12.236329,42,7,2.482109785079956,2.4211812019348145,-0.5821483731269836,-0.596824049949646,3.515947116514492,44.28807590327717,-9.530563481104894,16.3,56.800000000000004
12.236329,42,8,1.4029316902160645,3.121509075164795,-0.8061318397521973,-0.596824049949646,3.5159472090477895,65.79893276659944,-13.254610107095804,16.3,56.800000000000004
12.236329,42,9,0.33917027711868286,2.6526224613189697,-0.692912757396698,-0.5115634799003601,2.7625297262722386,82.71356907631227,-14.526363336795265,31.700000000000003,41.300000000000004
12.54541,43,0,-0.11562623083591461,0.03573901206254959,-0.033481430262327194,0.0,0.125569536165976,162.82409852879556,-15.46422068554448,28.400000000000002,59.800000000000004
12.54541,43,1,1.3875149488449097,4.267720699310303,0.5443483591079712,0.0,4.5205036043181357,71.98969773283348,6.91620616333886,12.8,69.4
12.54541,43,2,0.0,6.935688018798828,2.604539394378662,0.25578173995018005,7.4086026854583036,90.0,20.58252211715643,12.700000000000001,44.300000000000004
12.54541,43,3,7.049345970153809,2.214519500732422,-0.5385329127311707,0.25578173995018005,7.4086026296557863,17.439870619685525,-4.168518984940248,12.700000000000001,44.300000000000004
12.54541,43,4,0.0,10.302651405334473,-1.5745232105255127,0.8526057600975037,10.422271792671882,90.0,-8.689109940380131,17.2,41.300000000000004
12.54541,43,5,0.975114643573761,1.9478180408477783,1.8963844776153564,-1.0231269598007202,2.8880993361213405,63.406584771290454,41.04261956317962,25.400000000000002,42.900000000000006
12.54541,43,6,0.30833661556243896,2.2032082080841064,-1.1652833223342896,-0.7673451900482178,2.5113906701220579,82.03325987338181,-27.64547276230312,44.0,42.0
12.54541,43,7,-3.121908187866211,1.0252867937088013,-1.8421218395233154,-0.7673451900482178,3.7670859579346643,161.8189559819811,-29.275168687143854,14.3,49.400000000000006
12.54541,43,8,0.6937574148178101,3.3643569946289062,-1.5462020635604858,-0.7673451900482178,3.7670861629755485,78.34846623389592,-24.233132050004446,14.3,49.400000000000006
12.54541,43,9,1.2025128602981567,2.958750009536743,-0.6772973537445068,-0.596824049949646,3.264807881561401,67.88189781590518,-11.973189922456337,14.8,53.7
12.54541,43,10,2.4666929244995117,1.9193439483642578,2.5254065990448,-0.596824049949646,4.0182251886121909,37.88663242533543,38.938663062218254,11.4,52.1
12.54541,43,11,0.8633425831794739,3.784545421600342,-1.0382628440856934,-0.596824049949646,4.0182252546984012,77.14940772275081,-14.974457701625338,11.4,52.1
12.54541,43,12,1.1100119352340698,8.165709495544434,-3.7187182903289795,-0.596824049949646,9.0410067904417541,82.25890326174806,-24.28758314142784,12.8,50.1
12.82876,44,0,-0.11562623083591461,0.035716019570827484,-0.03350595757365227,0.0,0.12556953652949163,162.83449891696583,-15.475832848202502,28.6,59.6
12.82876,44,1,1.3875149488449097,4.269119739532471,0.5332632660865784,0.0,4.5205033784625366,71.99521890986738,6.774698070371232,13.0,69.2
12.82876,44,2,1.2718884944915771,4.418911457061768,5.152944564819336,0.0,6.906324383916016,73.94267543986764,48.255361626602145,11.4,68.8
12.82876,44,3,0.0,10.642694473266602,-0.8091705441474915,0.6820846199989319,10.673411011519017,90.0,-4.347868055908095,14.600000000000001,44.800000000000004
12.82876,44,4,0.5395891070365906,2.0868141651153564,-1.2888498306274414,-1.0231269598007202,2.5113907800394251,75.502515132364,-30.877324718104834,22.5,41.900000000000006
12.82876,44,5,0.23125246167182922,1.559189796447754,-1.031108021736145,-0.7673451900482178,1.8835430111533678,81.5636324927051,-33.19088084617583,26.1,41.400000000000006
12.82876,44,6,0.2081272155046463,2.0913689136505127,-0.831623375415802,-0.6820846199989319,2.2602518243229923,84.31679568176993,-21.58825476205776,45.7,40.900000000000006
12.82876,44,7,-3.006282091140747,1.3340026140213013,1.836747646331787,-0.596824049949646,3.767085996102904,156.07130356427675,29.18150385469299,12.9,51.900000000000006
12.82876,44,8,2.3125245571136475,2.664281129837036,1.3208985328674316,-0.596824049949646,3.7670859693124497,49.04289581868861,20.526587307620098,12.9,51.900000000000006
12.82876,44,9,0.8093836307525635,1.4284312725067139,2.063502311706543,-0.5115634799003601,2.6369602864706927,60.46306245082123,51.49286914399381,33.300000000000004,41.900000000000006
12.82876,44,10,1.3489726781845093,2.5180904865264893,-1.301656723022461,-0.5115634799003601,3.139238316759827,61.82148711824559,-24.496706731807517,15.8,54.6
12.82876,44,11,0.9327183365821838,2.051846504211426,1.5973520278930664,-0.17052115499973297,2.7625298321023388,65.55463736898726,35.325495628992435,28.3,42.300000000000004
13.128264,45,0,-0.11562623083591461,0.035764697939157486,-0.03345399349927902,0.0,0.12556953673980481,162.8124811990695,-15.45123172541687,28.3,59.900000000000006
13.128264,45,1,1.3875149488449097,4.2846879959106445,0.38884490728378296,0.0,4.52050321507345,72.05643737830127,4.934569719703645,12.0,70.0
13.128264,45,2,1.2333464622497559,2.7435498237609863,2.6641931533813477,-1.0231269598007202,4.018225266199865,65.79398377850633,41.531164610729256,20.6,42.400000000000006
13.128264,45,3,0.18500198423862457,1.9044259786605835,-0.6127552390098572,-0.596824049949646,2.0091124969258383,84.45151572072405,-17.75744306139661,41.1,40.900000000000006
13.128264,45,4,2.505234956741333,1.5506974458694458,-1.0834908485412598,-0.34104230999946594,3.1392383114343883,31.75679668562281,-20.190617047997655,12.8,58.5
13.427639,46,0,-0.11562623083591461,0.03577319160103798,-0.03344491124153137,0.0,0.12556953684153929,162.8086399660367,-15.44693224383126,28.5,59.7
13.427639,46,1,1.3875149488449097,4.295769214630127,0.23689843714237213,0.0,4.5205034839221758,72.09976692301039,3.0039797817105955,12.100000000000001,69.7
13.427639,46,2,0.42396286129951477,4.876931190490723,4.871664047241211,0.0,6.9063241260257362,85.03163647696327,44.8612014676572,11.5,67.7
13.427639,46,3,0.23125246167182922,1.7346031665802002,-0.6967124938964844,-0.6820846199989319,1.8835429768632297,82.40626406737236,-21.70912100058508,42.2,41.0
13.427639,46,4,0.76313316822052,1.6590161323547363,1.3319276571273804,-0.5115634799003601,2.2602517655501098,65.29797603795092,36.10613528911556,30.200000000000003,48.1
13.427639,46,5,1.3566811084747314,1.867066502571106,-1.518239140510559,-0.5115634799003601,2.7625298266070484,53.99642715441579,-33.33840255098465,15.0,55.7
13.427639,46,6,2.6825287342071533,1.8239318132400513,-1.6546770334243774,-0.34104230999946594,3.6415166832156998,34.212960238331526,-27.02583865436193,13.5,53.5
13.73195,47,0,-0.11562623083591461,0.035745374858379364,-0.0334746390581131,0.0,0.12556953667652526,162.8212205976895,-15.46100550897006,28.5,59.7
13.73195,47,1,1.3875149488449097,4.294968128204346,0.25100553035736084,0.0,4.5205035927238475,72.09664132044989,3.1830431178171867,11.9,69.60000000000001
13.73195,47,2,1.0984491109848022,2.0243425369262695,0.6225669980049133,-0.6820846199989319,2.38582120521158,61.5148490676781,15.126114708901554,16.5,48.400000000000006
13.73195,47,3,0.25052350759506226,1.45046067237854,-0.7057936191558838,-0.5115634799003601,1.6324040011025764,80.20055824774882,-25.61771419612634,29.6,42.0
13.73195,47,4,0.7862583994865417,1.5137805938720703,1.283407211303711,-0.34104230999946594,2.134682184113875,62.552612743288044,36.957108415711694,33.800000000000004,43.400000000000006
13.73195,47,5,0.3507328927516937,0.6549573540687561,-1.45353364944458,-0.17052115499973297,1.6324039842436051,61.83073100683164,-62.92672644240682,34.4,43.1
14.046617,48,0,-0.11562623083591461,0.0357370562851429,-0.03348352015018463,0.0,0.12556953679493885,162.8249831567232,-15.46521001712452,24.1,64.10000000000001
14.046617,48,1,1.3875149488449097,4.2790327072143555,0.44680458307266235,0.0,4.5205036199668109,72.03424591415563,5.672351035180851,12.8,69.3
14.046617,48,2,0.6937574148178101,1.6130244731903076,0.6816061735153198,-0.6820846199989319,1.8835430118528635,66.7275920962043,21.21535979799809,29.6,41.0
14.046617,48,3,1.3297016620635986,0.5375728011131287,-1.2209190130233765,-0.6820846199989319,1.8835430079913991,22.01253618446827,-40.40628374036429,29.6,41.0
14.046617,48,4,0.8016752004623413,1.8340809345245361,0.17319771647453308,-0.5115634799003601,2.0091126027215904,66.38990278453988,4.945382606826434,25.8,46.1
14.046617,48,5,0.27750298380851746,1.2168911695480347,-0.8442262411117554,-0.42630288004875183,1.5068344204750228,77.15379888517849,-34.07411037951313,32.800000000000004,42.0
14.046617,48,6,0.3507328927516937,0.7345074415206909,-1.4150010347366333,-0.25578173995018005,1.632403954912198,64.47516959188258,-60.091224667964795,32.800000000000004,43.0
14.046617,48,7,0.7515705227851868,1.71712327003479,0.1853744089603424,-0.25578173995018005,1.8835430036800236,66.36140614694912,5.648075292964273,30.700000000000003,42.0
14.046617,48,8,0.37000396847724915,0.5424709320068359,1.3562346696853638,-0.08526057749986649,1.5068344726670697,55.70321569726359,64.16536472950146,11.9,65.5
14.335879,49,0,-0.11562623083591461,0.03580274432897568,-0.033413272351026535,0.0,0.12556953662417522,162.7952760756112,-15.431955367508952,25.200000000000003,63.0
14.335879,49,1,1.3875149488449097,4.2683563232421875,0.5393422245979309,0.0,4.5205036744442433,71.9922065670215,6.8522942914251495,13.0,69.4
14.335879,49,2,0.7014657855033875,1.4125555753707886,0.4211592376232147,-0.42630288004875183,1.6324039344409678,63.59130822558886,14.951386739796071,31.700000000000003,41.2
14.335879,49,3,0.37000396847724915,0.28977712988853455,1.4316691160202026,-0.17052115499973297,1.5068344897371504,38.06708948769951,71.8266148685623,34.7,46.300000000000004
14.6441,50,0,-0.11562623083591461,0.03571009263396263,-0.03351227566599846,0.0,0.12556953688518674,162.8371800875416,-15.478824145978336,21.400000000000002,66.8
14.6441,50,1,1.3875149488449097,4.266886234283447,0.550849437713623,0.0,4.52050339814219,71.98640303826538,6.999216657404464,13.3,69.2
14.6441,50,2,0.7554247379302979,1.5848689079284668,-0.08941470086574554,0.17052115499973297,1.7579735432384471,64.51528585147881,-2.915457100109987,32.300000000000004,43.1
14.943213,51,0,-0.11562623083591461,0.035701557993888855,-0.033521365374326706,0.0,0.12556953626206607,162.84104104190885,-15.483127883284876,27.200000000000003,61.0
14.943213,51,1,1.3875149488449097,4.264732360839844,0.5672863721847534,0.0,4.5205036965950178,71.9778935721948,7.209160381139502,12.600000000000001,69.5
14.943213,51,2,0.3237534761428833,0.7339418530464172,-1.2755639553070068,0.17052115499973297,1.5068345499908957,66.1969579628263,-57.83504259870142,37.1,45.5
14.943213,51,3,0.9519892930984497,2.0762245655059814,0.6893117427825928,0.5115634799003601,2.3858211876254605,65.36762456897327,16.793316202136733,16.400000000000002,45.900000000000006
15.238219,52,0,-0.11562623083591461,0.03571952506899834,-0.03350222110748291,0.0,0.12556953670221804,162.83291316996653,-15.474063792045017,28.3,59.900000000000006
15.238219,52,1,1.3875149488449097,4.263638019561768,0.5754525065422058,0.0,4.5205035651359013,71.97356709921279,7.3135002700315965,12.3,69.5
15.238219,52,2,0.7515705227851868,1.7151672840118408,0.20267535746097565,0.25578173995018005,1.8835430346520059,66.33740955852122,6.1771719480436165,38.1,43.1
15.238219,52,3,0.3507328927516937,1.0118169784545898,-1.2320533990859985,0.34104230999946594,1.6324039751686192,70.88180673045387,-49.00334279145519,41.7,42.0
15.238219,52,4,1.171679139137268,1.6196101903915405,1.3023720979690552,0.6820846199989319,2.38582108622543,54.11678903148302,33.08482267601244,21.1,41.800000000000004
15.519757,53,0,-0.11562623083591461,0.03572487086057663,-0.033496517688035965,0.0,0.12556953592551814,162.83049500012683,-15.471363628595276,28.400000000000002,59.800000000000004
15.519757,53,1,1.3875149488449097,4.2624921798706055,0.5838786959648132,0.0,4.5205034728808391,71.96903487474235,7.421188428887548,12.600000000000001,69.3
15.519757,53,2,0.8016752004623413,1.82906174659729,0.21996183693408966,0.42630288004875183,2.009112542793281,66.33222821728427,6.285461103199123,40.300000000000004,40.5
15.519757,53,3,0.3237534463405609,1.0831892490386963,-1.3462376594543457,0.596824049949646,1.7579735717534324,73.3591686444458,-49.977278470456284,38.1,40.2
15.519757,53,4,4.0237932205200195,2.7254626750946045,9.784004211425781,0.596824049949646,10.924550200536135,34.11122525913868,63.58533165064542,11.5,48.0
15.519757,53,5,0.6706321835517883,9.860983848571777,-4.653712749481201,0.596824049949646,10.924549983504711,86.10938235945909,-25.213132867275334,11.5,48.0
15.842861,54,0,-0.11562623083591461,0.03571731969714165,-0.03350457176566124,0.0,0.12556953656388312,162.83391078871992,-15.475176729656896,28.6,59.6
15.842861,54,1,1.3875149488449097,4.255997180938721,0.6294758915901184,0.0,4.5205032502498659,71.94330303000012,8.004395736756432,12.700000000000001,69.3
15.842861,54,2,0.8479257225990295,4.193191051483154,5.421760559082031,0.0,6.9063244048698573,78.56809600386838,51.72464107127832,11.3,68.60000000000001
15.842861,54,3,0.8517799377441406,1.877934455871582,0.551997184753418,0.42630288004875183,2.1346821250174006,65.60224980854292,14.986128928852429,33.1,42.0
15.842861,54,4,-2.7943005561828613,0.5874766111373901,-1.304443597793579,0.42630288004875183,3.1392383577457093,168.12699512907332,-24.552614929227243,12.0,52.2
15.842861,54,5,0.40469181537628174,1.1526578664779663,-1.433645248413086,0.596824049949646,1.8835430233693911,70.65410725261495,-49.565050216747046,37.300000000000004,41.2
16.129571,55,0,-0.11562623083591461,0.035713594406843185,-0.0335085429251194,0.0,0.12556953663903234,162.83559597990714,-15.477056880932867,28.5,59.7
16.129571,55,1,1.3875149488449097,4.280489444732666,0.43262583017349243,0.0,4.5205035923743235,72.03996725468538,5.491784063949916,13.0,69.0
16.129571,55,2,2.1968982219696045,2.583129405975342,1.6407368183135986,0.25578173995018005,3.7670859603515239,49.61952245704655,25.82000118513417,12.100000000000001,53.7
16.129571,55,3,0.7862583994865417,1.8678479194641113,0.6706787943840027,0.42630288004875183,2.1346822166884527,67.171658286902,18.31144082226134,29.8,40.800000000000004
16.129571,55,4,1.5725167989730835,0.29853636026382446,-1.412421703338623,0.42630288004875183,2.1346822034003332,10.749462547900588,-41.426163061988284,29.8,40.800000000000004
16.129571,55,5,1.4414737224578857,1.3507782220840454,-1.931093692779541,0.42630288004875183,2.7625298456462062,43.139622360382354,-44.34930367685878,25.0,48.900000000000006
16.129571,55,6,1.2950139045715332,1.2507973909378052,-2.4167428016662598,0.596824049949646,3.0136690089683227,44.00496752314299,-53.31452140452862,21.900000000000002,51.900000000000006
16.129571,55,7,0.09250099211931229,2.9902491569519043,0.3633922338485718,0.596824049949646,3.0136689217324597,88.22816541373612,6.925654480252389,21.900000000000002,51.900000000000006
16.129571,55,8,0.2620861232280731,1.7552886009216309,-1.1862295866012573,0.6820846199989319,2.1346821404233292,81.50777529060319,-33.7585138917102,36.7,39.7
16.444186,56,0,-0.11562623083591461,0.03574975207448006,-0.03346996381878853,0.0,0.12556953654743661,162.81924080821628,-15.458792188534888,28.5,59.7
16.444186,56,1,1.3875149488449097,4.297492504119873,0.2032524049282074,0.0,4.5205034118274581,72.10648711284493,2.5770210245930043,12.4,69.4
16.444186,56,2,0.8055294156074524,1.9810469150543213,1.057694673538208,0.42630288004875183,2.3858211461646119,67.87245399191849,26.316236225420347,30.6,42.2
16.444186,56,3,1.684288740158081,1.1585644483566284,-1.230057954788208,0.42630288004875183,2.385821182183808,34.52274852272137,-31.035565777139333,30.6,42.2
16.444186,56,4,2.1043975353240967,2.3843834400177,0.7383745908737183,0.596824049949646,3.2648078675714909,48.569177218225576,13.071201381890003,15.700000000000001,52.5
16.444186,56,5,0.27750298380851746,2.034980535507202,-0.9437076449394226,0.7673451900482178,2.2602517127596475,82.2346781375492,-24.678318481008432,31.400000000000002,42.400000000000006
16.726248,57,0,-0.11562623083591461,0.035701919347047806,-0.033520981669425964,0.0,0.12556953657024186,162.8408775674275,-15.482946171690354,28.5,59.7
16.726248,57,1,1.3875149488449097,4.286011695861816,0.3739742934703827,0.0,4.5205033749029591,72.06162394789655,4.745415210251635,12.200000000000001,69.7
16.726248,57,2,1.3489726781845093,2.621192693710327,-1.0790915489196777,0.5115634799003601,3.1392382826091043,62.76780180287048,-20.105089764742324,12.9,55.2
16.726248,57,3,2.393463134765625,1.987637996673584,1.3473265171051025,0.5115634799003601,3.3903774608437387,39.7077452352829,23.41556552913214,16.400000000000002,53.5
16.726248,57,4,0.0,3.3006138801574707,0.7749887704849243,0.5115634799003601,3.3903774981948382,90.0,13.213767462141297,16.400000000000002,53.5
16.726248,57,5,0.292919784784317,1.938131332397461,-1.3601423501968384,0.596824049949646,2.3858210902617629,81.40563644775096,-34.75678271886664,41.0,41.5
16.726248,57,6,1.9540834426879883,4.473529815673828,0.38958191871643066,-0.25578173995018005,4.8972119807193186,66.40380387844971,4.562802375702477,11.600000000000001,46.5
17.024811,58,0,-0.11562623083591461,0.03574185073375702,-0.033478401601314545,0.0,0.12556953661208309,162.82281456956727,-15.462786785347502,28.400000000000002,59.800000000000004
17.024811,58,1,1.3875149488449097,4.278506278991699,0.45181649923324585,0.0,4.5205034964723643,72.03217749872753,5.736191582001027,12.4,69.5
17.024811,58,2,1.2526174783706665,2.8094706535339355,-0.626610517501831,0.596824049949646,3.1392382261994705,65.97004244389204,-11.513914947679861,33.0,42.6
17.024811,58,3,2.2662742137908936,2.3804304599761963,1.2487736940383911,0.6820846199989319,3.5159470595841325,46.407310381250184,20.80412124360409,18.8,52.7
17.024811,58,4,0.24281509220600128,2.237011194229126,-1.3749113082885742,0.8526057600975037,2.6369602495618376,83.8051157808295,-31.426213625571258,37.2,41.400000000000006
17.024811,58,5,1.4260568618774414,3.297293186187744,2.9462201595306396,1.6199510097503662,4.6460729393125773,66.61184607445122,39.35558254210565,20.400000000000002,41.5
17.323281,59,0,-0.11562623083591461,0.03574911877512932,-0.03347063809633255,0.0,0.12556953597546733,162.8195272432249,-15.459111473552724,28.200000000000003,60.0
17.323281,59,1,1.3875149488449097,4.2674150466918945,0.5467391014099121,0.0,4.5205035736089174,71.98849106852707,6.946731121855978,12.600000000000001,69.60000000000001
17.323281,59,2,0.7400079369544983,1.1091609001159668,-2.7026562690734863,0.25578173995018005,3.0136689529316141,56.289647908087574,-63.740490351566535,21.3,40.5
17.323281,59,3,2.867530584335327,2.125202178955078,1.5535612106323242,0.42630288004875183,3.8926556987120358,36.54311495941602,23.52196444489373,11.600000000000001,56.400000000000006
17.323281,59,4,0.3545871376991272,2.2130470275878906,-1.8214852809906006,0.596824049949646,2.8880993427170516,80.89711140759186,-39.10078982092674,38.6,41.0
17.323281,59,5,1.9887710809707642,3.9832921028137207,9.838502883911133,-0.6820846199989319,10.798979830778991,63.46804129409042,65.6520473290143,12.8,45.300000000000004
17.621159,60,0,-0.11562623083591461,0.0357549823820591,-0.033464375883340836,0.0,0.12556953641597587,162.8168752258829,-15.456146813757082,28.5,59.7
17.621159,60,1,1.3875149488449097,4.251304626464844,0.6604263186454773,0.0,4.5205034766748158,71.92466787926796,8.400736441468878,12.8,69.4
17.621159,60,2,2.482109785079956,2.1094257831573486,-1.3233810663223267,0.6820846199989319,3.5159470369360055,40.3596108288374,-22.110491456057225,24.3,45.0
17.621159,60,3,1.4029316902160645,3.212268352508545,0.2738586366176605,0.6820846199989319,3.51594707707476,66.40709750582607,4.467317948422343,24.3,45.0
17.621159,60,4,2.509089231491089,2.4019052982330322,1.757296085357666,0.6820846199989319,3.8926555672031697,43.74970087151115,26.83603879735971,19.200000000000003,53.1
17.621159,60,5,0.4817759692668915,2.338742256164551,-2.0378894805908203,0.7673451900482178,3.1392382771040857,78.36001556425283,-40.47881671376804,33.5,41.300000000000004
17.942528,61,0,-0.11562623083591461,0.03569510206580162,-0.03352824226021767,0.0,0.12556953690233971,162.843961722162,-15.486383826479095,28.400000000000002,59.800000000000004
17.942528,61,1,1.3875149488449097,4.274519920349121,0.48809072375297546,0.0,4.5205033831801575,72.01649953707775,6.198460800846495,12.600000000000001,69.5
17.942528,61,2,0.4162544310092926,3.2328402996063232,-0.9328107237815857,0.596824049949646,3.3903775601687043,82.66307104735397,-15.970045268383249,32.9,40.300000000000004
17.942528,61,3,0.25437769293785095,1.706311583518982,3.7676022052764893,0.596824049949646,4.1437945904592937,81.52076849465836,65.39716141408651,13.600000000000001,54.5
17.942528,61,4,0.0,10.072598457336426,-2.677032470703125,-0.8526057600975037,10.422271467004446,90.0,-14.883643847425681,14.3,42.900000000000006
18.243357,62,0,-0.11562623083591461,0.035728488117456436,-0.03349266201257706,0.0,0.1255695366287865,162.82885876906096,-15.469538105324123,28.400000000000002,59.800000000000004
18.243357,62,1,1.3875149488449097,4.274258613586426,0.4903745949268341,0.0,4.520503475547331,72.01547091897328,6.2275789610163965,12.5,69.60000000000001
18.243357,62,2,0.5781311392784119,3.2719039916992188,-1.7752032279968262,0.34104230999946594,3.767086121366352,79.9795161146257,-28.114844734993934,18.900000000000002,42.0
18.243357,62,3,0.0,3.539680242538452,2.605015516281128,0.596824049949646,4.394933680896961,90.0,36.35108238264322,15.5,55.2
18.243357,62,4,2.5630481243133545,1.7041875123977661,3.1371917724609375,0.596824049949646,4.3949337858670052,33.620193878178284,45.54657972333527,15.5,55.2
18.243357,62,5,0.5395891070365906,1.3316775560379028,-3.2089502811431885,0.7673451900482178,3.515947016741944,67.94245414536199,-65.87900376370852,31.8,41.400000000000006
18.243357,62,6,0.6359442472457886,3.905385971069336,-1.2306784391403198,2.4725568294525146,4.1437946485311077,80.75126121877742,-17.277091229868798,16.5,40.5
18.243357,62,7,1.0175107717514038,2.418274164199829,-3.207437515258789,2.643077850341797,4.1437945796281932,67.18063462529504,-50.71752532732948,16.400000000000002,40.6
18.545523,63,0,-0.11562623083591461,0.03572261333465576,-0.03349892795085907,0.0,0.12556953665055223,162.83151618471527,-15.472504662200006,28.5,59.7
18.545523,63,1,1.3875149488449097,4.283655643463135,0.40006017684936523,0.0,4.52050346202084,72.05239036357179,5.07726333201919,12.600000000000001,69.5
18.545523,63,2,2.7750298976898193,2.7794759273529053,2.238007068634033,0.7673451900482178,4.5205036227241937,45.045861628181704,29.67496938494419,17.1,54.0
18.545523,63,3,-4.301295757293701,1.037878155708313,-0.9255356788635254,0.7673451900482178,4.5205035726850884,166.4341681877015,-11.814380032373702,17.1,54.0
18.545523,63,4,0.8093836307525635,1.4415855407714844,3.3849174976348877,0.8526057600975037,3.7670860355036284,60.68780351494863,63.96820206761979,35.7,41.300000000000004
18.901086,64,0,-0.11562623083591461,0.035708434879779816,-0.03351404145359993,0.0,0.12556953672542279,162.83793002027176,-15.479660197746801,28.400000000000002,59.800000000000004
18.901086,64,1,1.3875149488449097,4.278744697570801,0.4495545029640198,0.0,4.5205036413428052,72.03311433813371,5.707377840462171,12.700000000000001,69.4
18.901086,64,2,2.782737970352173,2.545276641845703,2.92344069480896,0.596824049949646,4.7716422006716055,42.44810493233598,37.782792505901526,17.0,54.5
18.901086,64,3,-0.43937966227531433,3.900007486343384,2.713937520980835,0.596824049949646,4.7716422486334,96.42790922768147,34.664068775484886,17.0,54.5
18.901086,64,4,0.37000396847724915,3.6492183208465576,-1.6408642530441284,0.6820846199989319,4.0182250791623346,84.2104140506209,-24.101570758882644,33.4,41.900000000000006
19.435495,66,0,-0.11562623083591461,0.035706777125597,-0.0335158072412014,0.0,0.12556953661237522,162.83867995906465,-15.480496246992312,28.5,59.7
19.435495,66,1,1.3875149488449097,4.278278827667236,0.45396700501441956,0.0,4.5205036779296615,72.03128366587418,5.763586079407111,12.700000000000001,69.4
19.435495,66,2,0.8479257225990295,5.331022262573242,4.307961940765381,0.0,6.90632409304542,80.96252410402656,38.592009730656684,11.600000000000001,68.0
19.435495,66,3,0.28521138429641724,4.531991004943848,-0.9827041625976562,0.596824049949646,4.6460731240275361,86.39895886132449,-12.211023797406801,28.700000000000003,41.800000000000004
19.435495,66,4,0.46250492334365845,4.548701286315918,-2.0793604850769043,0.6820846199989319,5.0227815225379322,84.19420649197144,-24.455466940130393,17.8,49.800000000000004
19.435495,66,5,3.237534523010254,3.622800827026367,1.2735847234725952,0.6820846199989319,5.0227814672598416,48.214270184286605,14.688372477187405,17.8,49.800000000000004
19.435495,66,6,0.27750298380851746,4.254861354827881,-1.5013654232025146,0.7673451900482178,4.5205034220558273,86.26844174668463,-19.397714144429337,30.200000000000003,41.400000000000006
19.740703,67,0,-0.11562623083591461,0.03570277616381645,-0.03352006897330284,0.0,0.12556953654090935,162.84048994867445,-15.482514042083041,28.5,59.7
19.740703,67,1,1.3875149488449097,4.278852939605713,0.4485193192958832,0.0,4.52050326753805,72.03353963204425,5.694192512990608,12.600000000000001,69.5
19.740703,67,2,0.7322994470596313,3.854137897491455,-2.7162342071533203,0.5115634799003601,4.7716422415300084,79.2418428494029,-34.697604579785526,26.900000000000002,40.800000000000004
19.740703,67,3,0.8479257225990295,2.8798210620880127,-4.638311862945557,0.5115634799003601,5.5250596665223712,73.59362313281018,-57.08782171854725,11.3,50.6
19.740703,67,4,-1.52626633644104,5.29408597946167,0.4116431176662445,0.5115634799003601,5.5250597593155284,106.08208512934787,4.272766139452918,11.3,50.6
19.740703,67,5,1.2641801834106445,3.108642578125,-3.9043192863464355,0.6820846199989319,5.1483511248162319,67.87008116662909,-49.32010016495845,23.700000000000003,43.900000000000006
19.740703,67,6,1.0406360626220703,2.7220211029052734,4.841207027435303,0.6820846199989319,5.6506289722454941,69.0780089102662,58.95421105397811,12.4,53.800000000000004
19.740703,67,7,0.292919784784317,4.616663455963135,-1.1701219081878662,0.9378663301467896,4.7716421435355754,86.36954249967305,-14.195080919829834,31.1,41.800000000000004
19.740703,67,8,-2.8174257278442383,1.5250798463821411,4.346347332000732,0.9378663301467896,5.399489920367432,151.57320183476187,53.6059261608144,18.8,51.300000000000004
19.740703,67,9,-4.806196689605713,2.214865207672119,-1.0720707178115845,0.9378663301467896,5.3994898028723437,155.2580803808553,-11.452201620731797,18.8,51.300000000000004
20.04975,68,0,-0.11562623083591461,0.03568822145462036,-0.03353556618094444,0.0,0.12556953693866496,162.8470746314523,-15.489851561589155,28.5,59.7
20.04975,68,1,1.3875149488449097,4.277955532073975,0.45700135827064514,0.0,4.5205034574847556,72.03001303847772,5.802242443019448,12.4,69.7
20.04975,68,2,0.49719277024269104,5.0088958740234375,-1.9540351629257202,0.25578173995018005,5.3994899708713939,84.33127839786094,-21.216469215908905,23.400000000000002,41.1
20.04975,68,3,0.1503141075372696,4.722773551940918,-1.28666353225708,0.596824049949646,4.8972122068660271,88.1770335683817,-15.232342565514177,27.1,42.2
20.04975,68,4,1.1870959997177124,4.8631134033203125,2.338207483291626,0.596824049949646,5.5250595581423756,76.2822442452177,25.036808436153724,17.400000000000002,49.300000000000004
20.04975,68,5,-2.713362216949463,3.2306911945343018,3.5674338340759277,0.596824049949646,5.5250596626027537,130.02590861016574,40.21685946833223,17.400000000000002,49.300000000000004
20.04975,68,6,0.6012564301490784,3.156677007675171,-3.695479154586792,0.8526057600975037,4.8972119831151062,79.21597153096894,-48.99119746869742,30.900000000000002,41.5
20.326706,69,0,-0.11562623083591461,0.03573305904865265,-0.03348778188228607,0.0,0.125569535723002,162.82679119396806,-15.467227789496675,28.6,59.6
20.326706,69,1,1.3875149488449097,4.278517723083496,0.45170852541923523,0.0,4.5205035374329814,72.03222246917757,5.734816114485184,12.8,69.4
20.326706,69,2,1.8885618448257446,5.304426193237305,2.4808599948883057,0.34104230999946594,6.1529073937018444,70.40248627399679,23.778457658830735,15.100000000000001,48.800000000000004
20.326706,69,3,1.0175108909606934,5.424444198608398,0.2576078474521637,0.596824049949646,5.5250597354335333,79.37598160791657,2.6724046739963967,27.200000000000003,42.900000000000006
20.326706,69,4,3.5612881183624268,4.154951095581055,0.7615067958831787,0.596824049949646,5.5250596620159556,49.399488657379656,7.922169595743122,27.200000000000003,42.900000000000006
20.326706,69,5,-2.7172164916992188,3.6557791233062744,3.752716302871704,0.596824049949646,5.9017680495766074,126.62216905658516,39.4840255889262,17.5,51.300000000000004
20.326706,69,6,-4.409213542938232,2.998373508453369,3.7688825130462646,0.596824049949646,6.5296158509188587,145.783335555717,35.25371924776625,16.1,52.300000000000004
20.326706,69,7,0.3237534463405609,5.031096458435059,-1.5483824014663696,0.6820846199989319,5.273920356742785,86.31806605490598,-17.073144633851964,31.1,41.800000000000004
20.326706,69,8,1.0175108909606934,4.244195938110352,-3.3878839015960693,2.4725568294525146,5.5250597195858289,76.51825920687,-37.82015928400801,15.700000000000001,40.7
20.62998,70,0,-0.11562623083591461,0.035685017704963684,-0.033538974821567535,0.0,0.12556953682324995,162.84852409966518,-15.491465523703923,28.400000000000002,59.800000000000004
20.62998,70,1,1.3875149488449097,4.278625011444092,0.4506914019584656,0.0,4.5205035628370354,72.03264405656066,5.721859703030884,12.600000000000001,69.5
20.62998,70,2,2.6594033241271973,4.723462104797363,1.9952327013015747,0.596824049949646,5.7761989082941652,60.61962165945824,20.20762727439994,22.400000000000002,44.400000000000006
20.62998,70,3,0.1772935688495636,5.153998374938965,-2.6017954349517822,0.596824049949646,5.7761987278628872,88.02984623045711,-26.771522762343473,22.400000000000002,44.400000000000006
20.62998,70,4,-2.7750298976898193,2.963067054748535,4.455137252807617,0.596824049949646,6.0273381558829708,133.12309176126806,47.65948586884022,17.2,51.900000000000006
20.62998,70,5,0.6475068926811218,3.554091453552246,-3.842317819595337,0.6820846199989319,5.2739205021561091,79.67473628201189,-46.76502096026497,31.700000000000003,41.0
20.62998,70,6,1.449182152748108,4.305428504943848,3.767496109008789,0.9378663301467896,5.9017684175527441,71.39706680600297,39.670182387075414,22.6,44.6
20.932894,71,0,-0.11562623083591461,0.03570219501852989,-0.033520687371492386,0.0,0.12556953638649257,162.84075285513026,-15.482806853869864,28.3,59.900000000000006
20.932894,71,1,1.3875149488449097,4.278992176055908,0.44719088077545166,0.0,4.5205034520354577,72.03408667751943,5.677271546817913,12.600000000000001,69.5
20.932894,71,2,1.1100119352340698,2.921463966369629,5.153806686401367,0.25578173995018005,6.0273378504903548,69.19568318446753,58.7676689680935,19.5,46.0
20.932894,71,3,-2.960031747817993,1.0583397150039673,5.142658233642578,0.25578173995018005,6.0273381030515392,160.3258269171465,58.56387451323402,19.5,46.0
20.932894,71,4,3.4687869548797607,2.1526951789855957,4.769978046417236,0.25578173995018005,6.2784767288948542,31.82333267975775,49.44083502815417,13.4,51.2
20.932894,71,5,0.33917027711868286,5.2924089431762695,-1.5497277975082397,0.34104230999946594,5.5250597413116411,86.33314679034905,-16.289492561418683,25.6,41.800000000000004
20.932894,71,6,-5.51151704788208,3.604682207107544,4.821619510650635,0.34104230999946594,8.1620198902489438,146.81422128977954,36.209433006489064,13.4,47.900000000000006
20.932894,71,7,-4.875572681427002,4.5671820640563965,1.7512718439102173,0.42630288004875183,6.9063242067968709,136.8705561218947,14.68916946710259,11.600000000000001,53.800000000000004
21.241127,72,0,-0.11562623083591461,0.035773247480392456,-0.0334448516368866,0.0,0.12556953688545233,162.80861469529432,-15.446904022223098,28.6,59.6
21.241127,72,1,1.3875149488449097,4.278594017028809,0.45098450779914856,0.0,4.52050345891889,72.03252226661506,5.725593462212916,12.600000000000001,69.5
21.241127,72,2,0.724591076374054,5.273699760437012,-2.548318386077881,0.25578173995018005,5.9017682085979013,82.17670966257758,-25.58114603051068,24.0,42.5
21.241127,72,3,0.5203180313110352,5.257038116455078,-2.0055999755859375,0.42630288004875183,5.6506293342989027,84.34753048516292,-20.789394062825004,29.5,40.6
21.241127,72,4,-3.210555076599121,2.831845283508301,4.4194183349609375,0.42630288004875183,6.1529074451834154,138.586344213968,45.911424382893486,23.5,46.5
21.241127,72,5,1.5108494758605957,4.988883018493652,3.2690439224243164,0.42630288004875183,6.1529072866135346,73.15141846631894,32.09337979348414,23.5,46.5
21.241127,72,6,1.002094030380249,2.325295925140381,-6.018694877624512,0.6820846199989319,6.5296157325788879,66.68621274825229,-67.18376410404325,17.5,47.900000000000006
21.536092,73,0,-0.11562623083591461,0.03569332882761955,-0.03353012725710869,0.0,0.12556953617018218,162.84476395625848,-15.487276424317407,28.700000000000003,59.5
21.536092,73,1,1.3875149488449097,4.278273105621338,0.4540216624736786,0.0,4.5205037517456281,72.03126117840418,5.7642822691844495,12.700000000000001,69.5
21.536092,73,2,0.6359442472457886,4.391171932220459,5.292494297027588,0.0,6.9063240517655489,81.75952567593892,50.02508559716376,11.4,68.4
21.536092,73,3,0.5434433221817017,5.201889514923096,-2.734206438064575,0.25578173995018005,5.9017683803962093,84.03592335288836,-27.59934870496746,27.8,41.300000000000004
21.536092,73,4,-3.0833661556243896,3.536928176879883,4.17160177230835,0.5115634799003601,6.278476656385922,131.08074152405447,41.638532362384275,26.200000000000003,42.800000000000004
21.536092,73,5,1.1100119352340698,4.404951572418213,-3.961449146270752,0.6820846199989319,6.0273380683516535,75.85639510680349,-41.09024075003157,22.0,41.0
21.536092,73,6,0.9712603688240051,5.6289801597595215,-5.472958564758301,-0.25578173995018005,7.9108811010263391,80.21021359948176,-43.774880486864355,12.9,46.300000000000004
21.830647,74,0,-0.11562623083591461,0.03568001091480255,-0.03354429826140404,0.0,0.12556953604298565,162.8507893604301,-15.49398622794013,28.5,59.7
21.830647,74,1,1.3875149488449097,4.278552055358887,0.4513806998729706,0.0,4.5205032861288421,72.03235737922165,5.730640476243093,12.5,69.7
21.830647,74,2,0.5318806767463684,5.312302589416504,-2.204770565032959,0.34104230999946594,5.7761984990349164,84.2824613290292,-22.4389771479167,28.5,40.5
21.830647,74,3,1.5725167989730835,4.642556190490723,4.121367931365967,0.34104230999946594,6.4040464310159457,71.28784042857218,40.05755888295314,14.8,49.7
21.830647,74,4,-3.145033597946167,3.7081563472747803,4.167751312255859,0.34104230999946594,6.4040464418096539,130.30259118540002,40.60192074488744,14.8,49.7
21.830647,74,5,0.18500198423862457,6.0116801261901855,0.3927842974662781,-0.34104230999946594,6.0273379843956283,88.23734987942896,3.7364491363515433,16.0,42.1
22.126094,75,0,-0.11562623083591461,0.03571533411741257,-0.033506687730550766,0.0,0.12556953639761226,162.83480899181188,-15.47617856027933,28.400000000000002,59.800000000000004
22.126094,75,1,1.3875149488449097,4.278314113616943,0.45363497734069824,0.0,4.52050374191958,72.03142233740317,5.75935629811408,12.600000000000001,69.5
22.126094,75,2,0.5318806767463684,5.153237819671631,-2.5545475482940674,-0.34104230999946594,5.7761985991554541,84.10720183060671,-26.247790652503674,30.700000000000003,40.800000000000004
22.126094,75,3,1.3489726781845093,1.3844832181930542,-5.973503589630127,-0.34104230999946594,6.2784764237249862,45.744292097866804,-72.06857078128033,23.0,46.6
22.126094,75,4,-0.7708415389060974,5.735973358154297,-2.4338619709014893,-0.34104230999946594,6.2784768166299285,97.6539639344232,-22.80845763194144,23.0,46.6
22.438901,76,0,-0.11562623083591461,0.03572468087077141,-0.03349672257900238,0.0,0.12556953652926062,162.83058094097066,-15.471460556559842,28.6,59.6
22.438901,76,1,1.3875149488449097,4.278569221496582,0.4512177109718323,0.0,4.5205032617066676,72.03242483350904,5.728564308213264,12.600000000000001,69.5
22.438901,76,2,0.3545871376991272,5.689620494842529,-0.9311059713363647,-2.0462539196014404,5.7761987278323481,86.43383865406145,-9.276381854983747,14.8,40.900000000000006
22.438901,76,3,0.34687870740890503,5.337887287139893,-1.8210554122924805,-0.5115634799003601,5.6506290218437707,86.28190351232197,-18.80055186242144,29.6,41.2
22.438901,76,4,-3.0216989517211914,3.1192376613616943,4.3586649894714355,-0.5115634799003601,6.152907331768791,134.09002700039034,45.10416371664319,24.1,49.6
22.438901,76,5,1.3219932317733765,3.9524927139282227,4.526412010192871,-0.5115634799003601,6.15290747895079,71.50641856424531,47.36252108057538,24.1,49.6
22.438901,76,6,1.002094030380249,3.6286568641662598,-5.335216999053955,-0.25578173995018005,6.5296158777204445,74.56191598029199,-54.79352632532331,16.0,50.800000000000004
22.726961,77,0,-0.11562623083591461,0.03574341908097267,-0.03347672522068024,0.0,0.125569536100199,162.82210519814726,-15.461993213695918,28.6,59.6
22.726961,77,1,1.3875149488449097,4.278496742248535,0.4519093334674835,0.0,4.5205037498462985,72.0321400231862,5.737373823104354,12.600000000000001,69.5
22.726961,77,2,0.16958513855934143,5.485015869140625,-0.6419704556465149,-0.8526057600975037,5.5250596621093306,88.22909930314084,-6.672410985537753,30.400000000000002,41.400000000000006
22.726961,77,3,-4.69827938079834,1.6709928512573242,4.407431125640869,-0.7673451900482178,6.6551856004363881,160.4215313531729,41.472093129132745,13.4,51.800000000000004
22.726961,77,4,-2.960031747817993,2.597032070159912,4.563161373138428,-0.6820846199989319,6.02733815534122,138.73737706788827,49.20721912663861,19.400000000000002,52.900000000000006
22.726961,77,5,0.6783405542373657,4.5160722732543945,-3.1098599433898926,-0.596824049949646,5.5250595971700758,81.45769894564309,-34.254129855523274,29.1,41.800000000000004
22.726961,77,6,1.699705719947815,5.497705936431885,2.1781866550445557,-0.5115634799003601,6.1529072154645643,72.82015056334691,20.732741659354122,15.0,54.300000000000004
22.726961,77,7,-0.5665684938430786,2.18731951713562,-5.723015308380127,-0.5115634799003601,6.1529075036287759,104.52182992435364,-68.45537906825287,15.0,54.300000000000004
22.726961,77,8,1.002094030380249,4.379493236541748,-4.738325595855713,-0.5115634799003601,6.5296158315003527,77.11173288735927,-46.52434819770952,13.100000000000001,54.400000000000006
22.726961,77,9,3.5882675647735596,4.688553333282471,1.7320722341537476,-0.34104230999946594,6.1529074996920352,52.57226280770004,16.350029034431085,19.3,47.5
