timestamp_s,frame_number,point_index,x,y,z,doppler,range,azimuth_deg,elevation_deg,snr,noise
0.0,1,0,-0.11562623083591461,0.048969294875860214,-0.0005397925851866603,0.0,0.125569536409092,157.046675909937,-0.24630123740964188,29.8,56.900000000000006
0.0,1,1,-0.16573092341423035,5.254980564117432,-1.2297168970108032,0.0,5.3994898939642,91.80638842596046,-13.164456484222153,11.8,71.3
0.0,1,2,1.449182152748108,3.9060089588165283,4.180171489715576,0.0,5.90176825888899,69.64446503124596,45.09606550540343,11.8,69.60000000000001
0.0,1,3,3.622955322265625,3.9422147274017334,-2.482741594314575,0.0,5.90176821369796,47.41651791323574,-24.87737359842084,11.8,69.60000000000001
0.280737,2,0,-0.11562623083591461,0.04896874725818634,-0.0005874879425391555,0.0,0.12556953694045,157.04690599935194,-0.2680642394967111,29.8,56.900000000000006
0.280737,2,1,-0.16573092341423035,5.245378494262695,-1.2700519561767578,0.0,5.39949018504874,91.80969296248837,-13.60441532241769,11.8,71.3
0.280737,2,2,1.449182152748108,3.8047780990600586,4.272517204284668,0.0,5.90176825670402,69.14892331989321,46.380614263158705,12.4,68.9
0.280737,2,3,3.622955322265625,3.9702565670013428,-2.437647581100464,0.0,5.90176822694648,47.61879123912688,-24.395746393652455,12.4,68.9
0.578706,3,0,-0.11562623083591461,0.0489688515663147,-0.0005785487010143697,0.0,0.125569536113037,157.04686217273638,-0.2639853352791333,30.1,56.6
0.578706,3,1,-0.16573092341423035,5.253696918487549,-1.2351900339126587,0.0,5.39949001945355,91.80682949171931,-13.224108158224489,11.8,71.3
0.578706,3,2,1.449182152748108,3.9699976444244385,4.119448661804199,0.0,5.90176816605156,69.94622389014431,44.266959485041674,11.700000000000001,69.3
0.578706,3,3,3.622955322265625,3.914517402648926,-2.526186227798462,0.0,5.90176826216455,47.215192395878276,-25.34316624985975,11.700000000000001,69.3
0.878757,4,0,-0.11562623083591461,0.04896881803870201,-0.000581459840759635,0.0,0.125569536484667,157.04687625985972,-0.2653136646404899,29.8,56.900000000000006
0.878757,4,1,-0.16573092341423035,5.249246597290039,-1.2539684772491455,0.0,5.39949011667503,91.8083603085237,-13.428886509329363,12.0,71.3
0.878757,4,2,1.449182152748108,4.065181255340576,4.025548458099365,0.0,5.90176820445553,70.37953630013817,43.007330810604024,11.9,69.3
0.878757,4,3,3.622955322265625,3.9224512577056885,-2.5138494968414307,0.0,5.90176824595643,47.27301864580558,-25.21071691995326,11.9,69.3
1.17872,5,0,-0.11562623083591461,0.04896875470876694,-0.0005867527797818184,0.0,0.125569536408606,157.04690286887845,-0.2677287915662521,29.900000000000002,56.7
1.17872,5,1,-0.16573092341423035,5.231533050537109,-1.3259296417236328,0.0,5.39949018080774,91.81447918380962,-14.21526790609116,11.700000000000001,71.3
1.17872,5,2,1.449182152748108,3.9294188022613525,4.158173561096191,0.0,5.90176824346806,69.75586527004765,44.79433267471582,11.600000000000001,69.10000000000001
1.17872,5,3,3.622955322265625,3.8922030925750732,-2.5604333877563477,0.0,5.90176832094595,47.05187496252241,-25.711614337340006,11.600000000000001,69.10000000000001
1.477282,6,0,-0.11562623083591461,0.048968952149152756,-0.0005698153399862349,0.0,0.125569535403409,157.04681991138398,-0.2600003737169306,29.900000000000002,56.800000000000004
1.477282,6,1,-0.16573092341423035,5.247167110443115,-1.2626417875289917,0.0,5.39949013403174,91.80907649748609,-13.523527621972143,12.600000000000001,70.5
1.477282,6,2,1.449182152748108,3.922740936279297,4.164474010467529,0.0,5.90176830694535,69.72420661644573,44.88058988832562,12.4,68.8
1.477282,6,3,3.622955322265625,3.9137940406799316,-2.52730655670166,0.0,5.90176816653634,47.20991385777077,-25.355201918719036,12.4,68.8
1.785997,7,0,-0.11562623083591461,0.0489688441157341,-0.0005792250740341842,0.0,0.125569536325646,157.04686530320794,-0.26429395850286613,30.0,56.6
1.785997,7,1,-0.16573092341423035,5.239537715911865,-1.2939356565475464,0.0,5.39948994801581,91.81170897531408,-13.865314459962615,11.9,71.2
1.785997,7,2,1.449182152748108,3.8842568397521973,4.2003912925720215,0.0,5.90176813503548,69.53989619225368,45.37482309919833,11.8,69.4
1.785997,7,3,3.622955322265625,3.9399824142456055,-2.4862825870513916,0.0,5.90176819219227,47.400348513388906,-24.915272388074207,11.8,69.4
2.082568,8,0,-0.11562623083591461,0.04896824061870575,-0.0006281554233282804,0.0,0.125569536217379,157.04711887188856,-0.28662051186088977,30.0,56.6
2.082568,8,1,-0.16573092341423035,5.255600452423096,-1.2270663976669312,0.0,5.39949023508413,91.80617550693465,-13.135572941448313,11.9,71.3
2.082568,8,2,1.449182152748108,3.914641857147217,4.172088146209717,0.0,5.90176831816671,69.68568272820791,44.985005854327234,12.200000000000001,69.0
2.082568,8,3,3.622955322265625,3.9816555976867676,-2.4189836978912354,0.0,5.90176826861126,47.70057079887771,-24.19694473011131,12.200000000000001,69.0
2.380706,9,0,-0.11562623083591461,0.04896882176399231,-0.0005809893482364714,0.0,0.12556953575966,157.04687469462363,-0.2650989841279422,29.8,56.800000000000004
2.380706,9,1,-0.16573092341423035,5.238497257232666,-1.2981417179107666,0.0,5.399489991915,91.81206857304564,-13.911290343621895,12.0,71.2
2.380706,9,2,1.449182152748108,3.885681629180908,4.199073314666748,0.0,5.90176815345571,69.54677703669402,45.356611092781414,12.100000000000001,69.10000000000001
2.380706,9,3,3.622955322265625,3.953594923019409,-2.464578866958618,0.0,5.90176813115499,47.49879440171338,-24.683163212893433,12.100000000000001,69.10000000000001
2.682406,10,0,-0.11562623083591461,0.048969388008117676,-0.0005313826259225607,0.0,0.12556953685789,157.046636779162,-0.2424638443799849,30.1,56.5
2.682406,10,1,-0.16573092341423035,5.259914398193359,-1.2084399461746216,0.0,5.39949009803778,91.80469514281324,-12.932694737865717,12.0,71.3
2.682406,10,2,1.449182152748108,3.9118504524230957,4.174705505371094,0.0,5.90176828844899,69.67237269046674,45.02094310408024,11.700000000000001,69.2
2.682406,10,3,3.622955322265625,3.9702460765838623,-2.437664747238159,0.0,5.9017682600802,47.618715860126926,-24.395929239391656,11.700000000000001,69.2
2.984963,11,0,-0.11562623083591461,0.04896940663456917,-0.0005296771414577961,0.0,0.125569536916149,157.0466289530097,-0.24168564649421556,30.0,56.6
2.984963,11,1,-0.16573092341423035,5.256432056427002,-1.2234975099563599,0.0,5.3994898703191,91.80588994666934,-13.096688762190157,11.9,71.3
2.984963,11,2,1.449182152748108,3.9070589542388916,4.179190158843994,0.0,5.90176829158181,69.64948677872185,45.082570928812075,12.0,68.9
2.984963,11,3,3.622955322265625,3.9450650215148926,-2.478209972381592,0.0,5.90176820608237,47.43714913336389,-24.828889338597467,12.0,68.9
3.28145,12,0,-0.11562623083591461,0.04896961525082588,-0.0005098580149933696,0.0,0.125569536235225,157.04654130016596,-0.23264235543093312,30.0,56.6
3.28145,12,1,-0.16573092341423035,5.2324299812316895,-1.3223844766616821,0.0,5.39948987882965,91.8141683579688,-14.17646484150851,11.600000000000001,71.2
3.28145,12,2,1.449182152748108,3.8676764965057373,4.215663433074951,0.0,5.90176825827919,69.4594964835701,45.58628220428746,11.4,69.7
3.28145,12,3,3.622955322265625,3.946824073791504,-2.475407361984253,0.0,5.90176813712288,47.44987357415806,-24.798913728172487,11.4,69.7
3.580502,13,0,-0.11562623083591461,0.04896936193108559,-0.0005339115159586072,0.0,0.125569537415588,157.0466477357767,-0.24361775397672364,30.1,56.5
3.580502,13,1,-0.16573092341423035,5.255964279174805,-1.225506067276001,0.0,5.39949000960901,91.8060505632107,-13.11857204741615,11.8,71.2
3.580502,13,2,1.449182152748108,3.9684271812438965,4.120961666107178,0.0,5.90176823148824,69.93892059297161,44.28747452998452,11.8,69.4
3.580502,13,3,3.622955322265625,3.895418405532837,-2.5555388927459717,0.0,5.90176828193332,47.07546959813774,-25.658887565679194,11.8,69.4
3.886871,14,0,-0.11562623083591461,0.04896872490644455,-0.0005892228218726814,0.0,0.12556953635264,157.04691539077325,-0.2688558527762856,30.0,56.6
3.886871,14,1,-0.16573092341423035,5.243221759796143,-1.278925895690918,0.0,5.39949003222011,91.8104368620335,-13.70131815345532,12.0,71.2
3.886871,14,2,1.449182152748108,3.896585702896118,4.1889567375183105,0.0,5.90176817578072,69.5992905773408,45.21701450793032,12.4,69.3
3.886871,14,3,3.622955322265625,3.9452619552612305,-2.4778964519500732,0.0,5.90176820871095,47.43857399727089,-24.825535641574806,12.4,69.3
4.186975,15,0,-0.11562623083591461,0.04897017404437065,-0.00045284119551070035,0.0,0.125569535590463,157.0463065163227,-0.20662611683745102,29.8,56.800000000000004
4.186975,15,1,-0.16573092341423035,5.234528541564941,-1.3140530586242676,0.0,5.3994899048256,91.81344153048605,-14.085298686566562,11.700000000000001,71.3
4.186975,15,2,1.449182152748108,3.9586939811706543,4.130312442779541,0.0,5.9017681946498,69.89354322974795,44.414426678817506,12.200000000000001,69.0
4.186975,15,3,3.622955322265625,3.9370508193969727,-2.490922212600708,0.0,5.90176820036799,47.37909889383549,-24.964947173425372,12.200000000000001,69.0
4.482526,16,0,-0.11562623083591461,0.04896897077560425,-0.0005684627103619277,0.0,0.125569536536515,157.0468120852105,-0.2593831773687842,30.0,56.6
4.482526,16,1,-0.16573092341423035,5.256812572479248,-1.2218618392944336,0.0,5.39948993104678,91.80575931329788,-13.078869093339307,11.5,71.3
4.482526,16,2,1.449182152748108,4.013954162597656,4.076629638671875,0.0,5.90176805221763,70.14859032466349,43.68928377080236,11.600000000000001,69.5
4.482526,16,3,3.622955322265625,3.8880369663238525,-2.5667550563812256,0.0,5.90176822978438,47.02127198057011,-25.779750842575734,11.600000000000001,69.5
4.786821,17,0,-0.11562623083591461,0.04896952584385872,-0.0005183561588637531,0.0,0.125569536161443,157.0465788656565,-0.2365199828440435,30.1,56.5
4.786821,17,1,-0.16573092341423035,5.246371746063232,-1.2659419775009155,0.0,5.39949000621959,91.80935057617052,-13.559548721557626,11.700000000000001,71.3
4.786821,17,2,1.449182152748108,3.9226112365722656,4.164596080780029,0.0,5.90176823851759,69.72359079265183,44.8822630594937,12.3,69.0
4.786821,17,3,3.622955322265625,3.9242138862609863,-2.5110971927642822,0.0,5.90176829465246,47.28584851172195,-25.1811871437896,12.3,69.0
4.786821,17,4,1.7729356288909912,3.239145278930664,4.441746234893799,0.25578173995018005,5.77619879309942,61.306051204899056,50.261837068095446,21.3,41.5
5.089151,18,0,-0.11562623083591461,0.04896891862154007,-0.0005730499397031963,0.0,0.125569537048269,157.0468339984985,-0.2614762922232737,29.900000000000002,56.7
5.089151,18,1,-0.16573092341423035,5.243563652038574,-1.2775228023529053,0.0,5.39948988539542,91.81031889599423,-13.685994256674924,11.8,71.3
5.089151,18,2,1.449182152748108,3.8682563304901123,4.2151312828063965,0.0,5.90176818263083,69.46231835572098,45.57890134634544,12.200000000000001,69.3
5.089151,18,3,3.622955322265625,3.939195156097412,-2.487529754638672,0.0,5.90176821174526,47.394643767737264,-24.928623312303607,12.200000000000001,69.3
5.38172,19,0,-0.11562623083591461,0.04896925389766693,-0.0005436446517705917,0.0,0.125569537046697,157.04669312748516,-0.24805890140746376,29.900000000000002,56.7
5.38172,19,1,-0.16573092341423035,5.25347900390625,-1.2361156940460205,0.0,5.39948982706018,91.80690438941873,-13.234198894353666,11.8,71.2
5.38172,19,2,1.449182152748108,4.018413543701172,4.072234153747559,0.0,5.90176815225681,70.1689015874895,43.63029837207222,11.9,69.4
5.38172,19,3,3.622955322265625,3.9079973697662354,-2.5362608432769775,0.0,5.90176819049788,47.16757624963784,-25.451437128704356,11.9,69.4
5.688877,20,0,-0.11562623083591461,0.048969194293022156,-0.0005487906164489686,0.0,0.125569536186802,157.04671817119944,-0.2504069634405642,29.900000000000002,56.7
5.688877,20,1,-0.16573092341423035,5.256593704223633,-1.2228028774261475,0.0,5.3994898821371,91.80583444973328,-13.089121026757512,11.600000000000001,71.2
5.688877,20,2,1.449182152748108,3.928082227706909,4.159436225891113,0.0,5.90176826186236,69.74953637566819,44.811608975725335,11.9,69.3
5.688877,20,3,3.622955322265625,3.9438791275024414,-2.4800970554351807,0.0,5.90176831499344,47.42856726786372,-24.849076637778758,11.9,69.3
5.688877,20,4,1.52626633644104,3.8092732429504395,3.699491024017334,-0.25578173995018005,5.52505976492527,68.16544235950357,42.03495755152421,16.1,42.0
5.980558,21,0,-0.11562623083591461,0.04896923527121544,-0.000545114919077605,0.0,0.125569536156836,157.0467009536449,-0.2487297737098631,30.1,56.5
5.980558,21,1,-0.16573092341423035,5.248133659362793,-1.2586184740066528,0.0,5.39949017117573,91.80874354115132,-13.479621401665174,11.700000000000001,71.2
5.980558,21,2,1.449182152748108,3.921809196472168,4.165351390838623,0.0,5.90176825151061,69.71978185093006,44.89261266850592,11.700000000000001,69.5
5.980558,21,3,3.622955322265625,3.9398269653320312,-2.4865291118621826,0.0,5.90176827806958,47.39922217450787,-24.917910950732086,11.700000000000001,69.5
5.980558,21,4,1.52626633644104,3.6389849185943604,3.8671159744262695,-0.25578173995018005,5.52505983018946,67.24580468908361,44.42081967921746,23.400000000000002,41.1
5.980558,21,5,-4.810051441192627,1.4051584005355835,4.186265468597412,-0.25578173995018005,6.52961588235373,163.71535373237438,39.87536453037087,15.100000000000001,47.2
5.980558,21,6,2.004188060760498,3.318796396255493,5.2540178298950195,-0.25578173995018005,6.52961581255346,58.87264057273369,53.575912742585096,15.100000000000001,47.2
6.28936,22,0,-0.11562623083591461,0.04896936193108559,-0.0005339115159586072,0.0,0.125569537415588,157.0466477357767,-0.24361775397672364,29.700000000000003,56.900000000000006
6.28936,22,1,-0.16573092341423035,5.240132808685303,-1.2915246486663818,0.0,5.39949020832047,91.81150336668149,-13.838963422236443,12.0,71.2
6.28936,22,2,1.449182152748108,3.8332014083862305,4.247035026550293,0.0,5.9017682490795,69.29037343891056,46.02317958474966,11.9,69.4
6.28936,22,3,3.622955322265625,3.9295947551727295,-2.5026681423187256,0.0,5.90176821279783,47.324976451367185,-25.09079642585284,11.9,69.4
6.577239,23,0,-0.11562623083591461,0.04896918684244156,-0.0005495845107361674,0.0,0.125569536753404,157.04672130166438,-0.2507692096220452,30.1,56.5
6.577239,23,1,-0.16573092341423035,5.253376483917236,-1.236552357673645,0.0,5.39949006425779,91.80693962790147,-13.238958345395595,11.9,71.3
6.577239,23,2,1.449182152748108,3.97829532623291,4.111435890197754,0.0,5.90176818366974,69.98472702169519,44.158428794789934,12.4,69.0
6.577239,23,3,3.622955322265625,3.9290032386779785,-2.503596782684326,0.0,5.90176825764467,47.3206779678614,-25.10075145852295,12.4,69.0
6.888285,24,0,-0.11562623083591461,0.04896954447031021,-0.000516591826453805,0.0,0.125569536154535,157.04657103951095,-0.2357149336210742,30.0,56.6
6.888285,24,1,-0.16573092341423035,5.25597620010376,-1.2254537343978882,0.0,5.39948973609383,91.80604646967201,-13.118002522023744,11.9,71.2
6.888285,24,2,1.449182152748108,3.9626150131225586,4.126550674438477,0.0,5.90176813529442,69.91184720794871,44.36332212960953,12.100000000000001,69.0
6.888285,24,3,3.622955322265625,3.9480397701263428,-2.473468065261841,0.0,5.90176817263286,47.45866394949088,-24.778175646843557,12.100000000000001,69.0
7.177449,25,0,-0.11562623083591461,0.04896928742527962,-0.0005404395051300526,0.0,0.125569536286149,157.04667904039997,-0.24659642170916654,29.900000000000002,56.7
7.177449,25,1,-0.16573092341423035,5.255098819732666,-1.2292107343673706,0.0,5.39948973270765,91.80634780368825,-13.158940927635504,12.0,71.2
7.177449,25,2,1.449182152748108,3.925697088241577,4.16168737411499,0.0,5.90176823844686,69.73823293501664,44.842423503482394,11.8,69.4
7.177449,25,3,3.622955322265625,3.928276777267456,-2.5047364234924316,0.0,5.90176823139652,47.31539789773246,-25.112969894886838,11.8,69.4
7.177449,25,4,1.52626633644104,3.550257682800293,3.9487297534942627,-0.34104230999946594,5.52505974720333,66.73698704056278,45.618167032446095,17.2,41.800000000000004
7.482139,26,0,-0.11562623083591461,0.04896927997469902,-0.0005412922473624349,0.0,0.125569537053609,157.0466821708631,-0.2469855192248484,30.5,56.1
7.482139,26,1,-0.16573092341423035,5.240650653839111,-1.2894203662872314,0.0,5.39948987364143,91.81132448558945,-13.815968639784701,11.700000000000001,71.2
7.482139,26,2,1.449182152748108,3.975726366043091,4.113920211791992,0.0,5.90176825692813,69.97282162353325,44.19205609190378,12.4,68.9
7.482139,26,3,3.622955322265625,3.8599796295166016,-2.6087582111358643,0.0,5.90176815976236,46.81425515290547,-26.23347103162799,12.4,68.9
7.79142,27,0,-0.11562623083591461,0.04896880313754082,-0.0005829007131978869,0.0,0.125569537353949,157.04688252080433,-0.26597112159969166,29.6,57.0
7.79142,27,1,-0.16573092341423035,5.25581693649292,-1.226137638092041,0.0,5.39948996817732,91.8061011608805,-13.125453641236263,11.700000000000001,71.3
7.79142,27,2,1.449182152748108,3.6839423179626465,4.377134799957275,0.0,5.90176829186954,68.52641146058971,47.87343921325881,11.5,69.60000000000001
7.79142,27,3,3.622955322265625,3.955472469329834,-2.461564540863037,0.0,5.9017681851792,47.5123439510142,-24.6509606536765,11.5,69.60000000000001
8.076958,28,0,-0.11562623083591461,0.04896960034966469,-0.0005112694925628603,0.0,0.125569536163116,157.0465475610796,-0.23328640012011137,30.1,56.5
8.076958,28,1,-0.16573092341423035,5.252255439758301,-1.2413057088851929,0.0,5.3994901431855,91.80732504628963,-13.290780159726653,11.700000000000001,71.2
8.076958,28,2,1.449182152748108,3.8460116386413574,4.235437870025635,0.0,5.90176824242156,69.35352608167626,45.861271823346186,11.600000000000001,69.4
8.076958,28,3,3.622955322265625,3.9549014568328857,-2.462482213973999,0.0,5.90176833284144,47.50822390761398,-24.66076270037651,11.600000000000001,69.4
8.391952,29,0,-0.11562623083591461,0.048969220370054245,-0.0005466145812533796,0.0,0.125569536864924,157.0467072145733,-0.2494140555131794,29.5,57.1
8.391952,29,1,-0.16573092341423035,5.243127822875977,-1.2793114185333252,0.0,5.39949014366928,91.81046927659352,-13.705528635506456,11.600000000000001,71.3
8.391952,29,2,1.449182152748108,3.850647449493408,4.2312235832214355,0.0,5.90176818448022,69.37628930464878,45.80255351283956,12.5,69.0
8.391952,29,3,3.622955322265625,3.9733917713165283,-2.4325339794158936,0.0,5.90176829403795,47.641309544843246,-24.341246713016737,12.5,69.0
8.685822,30,0,-0.11562623083591461,0.0489690937101841,-0.0005577297997660935,0.0,0.12556953634798,157.04676043248827,-0.2544858381621341,30.0,56.6
8.685822,30,1,-0.16573092341423035,5.247531890869141,-1.261123776435852,0.0,5.39948987073374,91.80895082369408,-13.506961400050544,11.9,71.3
8.985839,31,0,-0.11562623083591461,0.048968616873025894,-0.0005979855777695775,0.0,0.125569535646703,157.04696078266133,-0.2728542328542937,29.900000000000002,56.7
8.985839,31,1,-0.16573092341423035,5.2516069412231445,-1.2440452575683594,0.0,5.39948986543703,91.8075480771073,-13.320653007441713,11.600000000000001,71.2
8.985839,31,2,1.449182152748108,3.830469846725464,4.2494988441467285,0.0,5.90176825916784,69.27685941596476,46.057637887774554,11.9,69.4
8.985839,31,3,3.622955322265625,3.9345550537109375,-2.4948623180389404,0.0,5.90176810149177,47.3609948667752,-25.007148678024535,11.9,69.4
9.275661,32,0,-0.11562623083591461,0.048968683928251266,-0.0005926043959334493,0.0,0.125569536285499,157.04693260838235,-0.2703988391640009,30.200000000000003,56.400000000000006
9.275661,32,1,-0.16573092341423035,5.244546890258789,-1.2734804153442383,0.0,5.39948990103363,91.80997972643527,-13.641849730320079,11.8,71.3
9.275661,32,2,1.449182152748108,3.9513511657714844,4.137337684631348,0.0,5.90176821501472,69.85917969866676,44.50998698965544,11.8,69.4
9.275661,32,3,3.622955322265625,3.9570467472076416,-2.459033250808716,0.0,5.90176827360261,47.523699535354794,-24.623924674746558,11.8,69.4
9.59065,33,0,-0.11562623083591461,0.048969168215990067,-0.0005509665934368968,0.0,0.12556953554614,157.04672912782732,-0.2513998448192073,29.5,57.1
9.59065,33,1,-0.16573092341423035,5.255879878997803,-1.225869059562683,0.0,5.39949025303526,91.80607954599519,-13.122526525705444,11.9,71.3
9.59065,33,2,1.449182152748108,3.8988590240478516,4.186841011047363,0.0,5.90176823105001,69.61020628627193,45.18786287076163,12.0,69.3
9.59065,33,3,3.622955322265625,3.9225311279296875,-2.5137250423431396,0.0,5.90176832019126,47.273600141835914,-25.209381149982384,12.0,69.3
9.876002,34,0,-0.11562623083591461,0.04896886274218559,-0.0005777253536507487,0.0,0.125569536680548,157.04685747702922,-0.2636096471936482,29.3,57.300000000000004
9.876002,34,1,-0.16573092341423035,5.258373260498047,-1.21512770652771,0.0,5.39948992302679,91.80522371763321,-13.005518857744969,11.700000000000001,71.4
9.876002,34,2,1.449182152748108,3.8075292110443115,4.270065784454346,0.0,5.9017683289305,69.16269502732861,46.34612638258035,11.9,69.3
9.876002,34,3,3.622955322265625,3.9358808994293213,-2.4927704334259033,0.0,5.90176822277762,47.370613962488044,-24.98474089906661,11.9,69.3
10.191134,35,0,-0.11562623083591461,0.04896826297044754,-0.0006264204857870936,0.0,0.125569536266915,157.04710948043902,-0.28582887197474055,29.6,57.0
10.191134,35,1,-0.16573092341423035,5.24491024017334,-1.271983027458191,0.0,5.39948988225671,91.80985442046249,-13.625499799305457,11.700000000000001,71.3
10.191134,35,2,1.449182152748108,3.892368793487549,4.192875385284424,0.0,5.90176818698289,69.57901276852789,45.27104618712279,12.0,69.0
10.191134,35,3,3.622955322265625,3.925416946411133,-2.509216070175171,0.0,5.90176827375744,47.29460180474878,-25.16100873435992,12.0,69.0
10.48991,36,0,-0.11562623083591461,0.048969049006700516,-0.0005616407142952085,0.0,0.125569536346332,157.0467792152918,-0.2562703563610268,29.8,56.800000000000004
10.48991,36,1,-0.16573092341423035,5.249603271484375,-1.252472996711731,0.0,5.39948977723333,91.80823752453219,-13.41257281003954,11.700000000000001,71.3
10.48991,36,2,1.449182152748108,3.783057451248169,4.29176139831543,0.0,5.90176825124118,69.03957892518058,46.65210762810059,12.100000000000001,69.2
10.48991,36,3,3.622955322265625,3.942272186279297,-2.4826505184173584,0.0,5.90176828200177,47.41693397629493,-24.876398673238448,12.100000000000001,69.2
10.48991,36,4,1.2950137853622437,3.386167287826538,3.830280303955078,-0.25578173995018005,5.27392044045897,69.07102887995318,46.57444326716322,25.8,41.800000000000004
10.48991,36,5,3.237534523010254,3.922783851623535,-1.3944083452224731,-0.25578173995018005,5.27392051205436,50.466612585622734,-15.331120836323995,25.8,41.800000000000004
10.48991,36,6,1.402931571006775,2.344143867492676,5.930654048919678,-0.25578173995018005,6.52961598506363,59.100172617858526,65.26735704209912,14.9,46.2
10.787946,37,0,-0.11562623083591461,0.04896879568696022,-0.0005832829629071057,0.0,0.125569536223426,157.04688565127688,-0.2661455415468885,29.8,56.800000000000004
10.787946,37,1,-0.16573092341423035,5.254291534423828,-1.232657551765442,0.0,5.39948987475836,91.8066251525455,-13.196505062076957,11.8,71.3
10.787946,37,2,1.449182152748108,3.862636089324951,4.220282077789307,0.0,5.90176814916588,69.43493509380171,45.65039065049625,11.9,69.4
10.787946,37,3,3.622955322265625,3.948514461517334,-2.472710132598877,0.0,5.90176813504237,47.46209551838008,-24.77007178354468,11.9,69.4
11.075129,38,0,-0.11562623083591461,0.04896889999508858,-0.0005746378446929157,0.0,0.125569537041043,157.0468418246745,-0.2622008406149854,29.700000000000003,56.900000000000006
11.075129,38,1,-0.16573092341423035,5.249015808105469,-1.2549339532852173,0.0,5.39949006109141,91.80843976587174,-13.439419850570246,11.600000000000001,71.4
11.075129,38,2,1.449182152748108,3.939232587814331,4.1488776206970215,0.0,5.90176819303017,69.80221928231077,44.66729971396588,12.600000000000001,68.60000000000001
11.075129,38,3,3.622955322265625,3.9164488315582275,-2.52319073677063,0.0,5.90176822752908,47.22928132807872,-25.310992968247785,12.600000000000001,68.60000000000001
11.075129,38,4,1.52626633644104,2.8671224117279053,4.469497203826904,0.25578173995018005,5.52505973801208,61.97211557661332,53.99347234586655,19.5,40.900000000000006
11.387283,39,0,-0.11562623083591461,0.048969004303216934,-0.0005656986031681299,0.0,0.12556953712855,157.04679799810052,-0.2581219363980349,29.900000000000002,56.7
11.387283,39,1,-0.16573092341423035,5.250488758087158,-1.2487555742263794,0.0,5.39948973718228,91.80793277054369,-13.372023444728367,11.8,71.3
11.387283,39,2,1.449182152748108,3.8639607429504395,4.219069480895996,0.0,5.90176827904432,69.4413954377109,45.63355126728068,12.100000000000001,69.10000000000001
11.387283,39,3,3.622955322265625,3.917975664138794,-2.5208191871643066,0.0,5.90176820506298,47.24041360802183,-25.285527209437863,12.100000000000001,69.10000000000001
11.690096,40,0,-0.11562623083591461,0.04896840080618858,-0.0006154817529022694,0.0,0.125569535925812,157.04705156652884,-0.28083760726338974,30.200000000000003,56.400000000000006
11.690096,40,1,-0.16573092341423035,5.248147010803223,-1.2585625648498535,0.0,5.39949011626283,91.80873894271106,-13.479011465678328,11.700000000000001,71.3
11.690096,40,2,1.449182152748108,3.9471213817596436,4.141373157501221,0.0,5.90176818791279,69.83933364528541,44.56495046701452,12.4,69.10000000000001
11.690096,40,3,3.622955322265625,3.938887596130371,-2.4880168437957764,0.0,5.90176825850473,47.39241474593244,-24.933837815880093,12.4,69.10000000000001
11.690096,40,4,1.59564208984375,1.7910432815551758,5.254575252532959,0.25578173995018005,5.77619864615273,48.30212698562749,65.46314659633852,20.200000000000003,41.0
11.690096,40,5,1.3258473873138428,3.5141570568084717,3.879087448120117,0.42630288004875183,5.39948984113562,69.32913782056296,45.92397208345443,18.900000000000002,42.2
11.992537,41,0,-0.11562623083591461,0.04896921664476395,-0.0005469968309625983,0.0,0.125569537076694,157.0467087798055,-0.24958847241719262,29.400000000000002,57.2
11.992537,41,1,-0.16573092341423035,5.247865676879883,-1.2597334384918213,0.0,5.39948972011283,91.8088358433597,-13.491789266780714,11.600000000000001,71.5
11.992537,41,2,1.449182152748108,3.901446580886841,4.184430122375488,0.0,5.9017683607882,69.62261724520526,45.15466186449848,12.3,69.10000000000001
11.992537,41,3,3.622955322265625,3.9164252281188965,-2.5232274532318115,0.0,5.9017682617434,47.22910919646799,-25.31138711709224,12.3,69.10000000000001
11.992537,41,4,1.59564208984375,2.542020082473755,4.9352335929870605,0.25578173995018005,5.77619861119134,57.883247759838156,58.69445739621536,23.5,41.5
11.992537,41,5,1.3566811084747314,3.323420763015747,4.200068473815918,0.5115634799003601,5.52505967233647,67.79381953780624,49.48052554529291,26.200000000000003,41.7
12.28896,42,0,-0.11562623083591461,0.04896886274218559,-0.0005778429913334548,0.0,0.125569537221835,157.04685747702922,-0.2636633232009247,29.6,57.0
12.28896,42,1,-0.16573092341423035,5.249868392944336,-1.2513623237609863,0.0,5.39949002661734,91.80814626808609,-13.400456296334438,11.9,71.2
12.28896,42,2,1.449182152748108,3.880632162094116,4.20374059677124,0.0,5.90176837009599,69.52237126803347,45.42112790158085,12.0,68.7
12.28896,42,3,3.622955322265625,3.877824544906616,-2.582157850265503,0.0,5.90176817842761,46.94610625517039,-25.945929425457493,12.0,68.7
12.28896,42,4,1.699705719947815,2.915804386138916,5.144643306732178,0.25578173995018005,6.15290740269626,59.760868618287596,56.73390347935662,17.6,43.1
12.28896,42,5,1.4183485507965088,2.8233866691589355,4.835415840148926,0.34104230999946594,5.77619868445452,63.32700578787407,56.83804181247428,26.200000000000003,41.2
12.583754,43,0,-0.11562623083591461,0.048968952149152756,-0.0005699623725377023,0.0,0.125569536070706,157.04681991138398,-0.26006746210616893,29.900000000000002,56.7
12.583754,43,1,-0.16573092341423035,5.248810768127441,-1.2557910680770874,0.0,5.39949001529297,91.80851036399946,-13.448771349832027,11.9,71.2
12.583754,43,2,1.449182152748108,3.941932201385498,4.146312713623047,0.0,5.9017681682116,69.8149348677607,44.63229827866722,12.3,69.0
12.583754,43,3,3.622955322265625,3.9575347900390625,-2.458247661590576,0.0,5.90176824750158,47.52721888892022,-24.615535450377187,12.3,69.0
12.889629,44,0,-0.11562623083591461,0.04896880313754082,-0.0005826361011713743,0.0,0.125569536125885,157.04688252080433,-0.26585038380417947,29.700000000000003,56.900000000000006
12.889629,44,1,-0.16573092341423035,5.248363018035889,-1.2576613426208496,0.0,5.39949008340467,91.8086645497647,-13.469177708529791,11.8,71.3
12.889629,44,2,1.449182152748108,3.9733469486236572,4.116218566894531,0.0,5.90176839400089,69.96178250682563,44.22318262231337,11.9,68.9
12.889629,44,3,3.622955322265625,3.8344695568084717,-2.646111488342285,0.0,5.90176821452358,46.62463920412663,-26.638454189920893,11.9,68.9
13.190295,45,0,-0.11562623083591461,0.0489693321287632,-0.0005365285906009376,0.0,0.125569536948202,157.04666025762427,-0.24481190353953344,30.0,56.6
13.190295,45,1,-0.16573092341423035,5.250306606292725,-1.2495231628417969,0.0,5.39949019200285,91.8079954525275,-13.380394557027344,11.8,71.3
13.190295,45,2,1.449182152748108,4.088409900665283,4.001955032348633,0.0,5.90176825270546,70.4825647666732,42.69489879490186,12.0,69.0
13.190295,45,3,3.622955322265625,3.927402973175049,-2.50610613822937,0.0,5.90176815513012,47.30904551265057,-25.127656843952057,12.0,69.0
13.47461,46,0,-0.11562623083591461,0.04896896705031395,-0.0005688744131475687,0.0,0.12556953694823,157.0468136504451,-0.2595710331792788,29.6,57.0
13.47461,46,1,-0.16573092341423035,5.248427391052246,-1.2573933601379395,0.0,5.39949024262867,91.80864238086454,-13.466253245171648,11.8,71.3
13.47461,46,2,1.449182152748108,3.8750040531158447,4.208929061889648,0.0,5.90176830886533,69.49510295832677,45.492938755125856,11.9,69.3
13.47461,46,3,3.622955322265625,3.9018425941467285,-2.545719623565674,0.0,5.90176831961725,47.122549128168046,-25.55317747612968,11.9,69.3
13.789305,47,0,-0.11562623083591461,0.04896891117095947,-0.000573638069909066,0.0,0.125569536828105,157.04683712896878,-0.2617446517974575,29.700000000000003,56.900000000000006
13.789305,47,1,-0.16573092341423035,5.247861862182617,-1.2597496509552002,0.0,5.3994897950277,91.80883715733813,-13.491965994296843,11.8,71.3
13.789305,47,2,1.449182152748108,4.131063461303711,3.9579102993011475,0.0,5.90176822405593,70.66906669591239,42.115804972761445,11.600000000000001,69.0
13.789305,47,3,3.622955322265625,3.8384952545166016,-2.640268325805664,0.0,5.90176820269417,46.654650786293914,-26.575008635798234,11.600000000000001,69.0
14.067354,48,0,-0.11562623083591461,0.04896944761276245,-0.0005257074371911585,0.0,0.125569536214517,157.04661173547785,-0.2398743063708015,29.6,57.0
14.067354,48,1,-0.16573092341423035,5.248754501342773,-1.2560261487960815,0.0,5.39948999821291,91.8085297384027,-13.451336259111493,11.8,71.3
14.067354,48,2,1.449182152748108,3.79756236076355,4.278932094573975,0.0,5.90176826601205,69.11271950962895,46.47096362807793,11.9,69.10000000000001
14.067354,48,3,3.622955322265625,3.894824981689453,-2.556442975997925,0.0,5.90176817527207,47.07111650194652,-25.66862572947213,11.9,69.10000000000001
14.368956,49,0,-0.11562623083591461,0.04896922782063484,-0.0005458206869661808,0.0,0.125569536317101,157.04670408410902,-0.2490518093260304,30.200000000000003,56.400000000000006
14.368956,49,1,-0.16573092341423035,5.248414039611816,-1.2574478387832642,0.0,5.39948995160014,91.808646978814,-13.466848418996875,11.8,71.3
14.368956,49,2,1.449182152748108,3.9909629821777344,4.099140644073486,0.0,5.90176824831777,70.04323510130554,43.992279820291756,11.5,69.2
14.368956,49,3,3.622955322265625,3.901886224746704,-2.5456526279449463,0.0,5.90176826723686,47.12286858954091,-25.55245679468847,11.5,69.2
14.684517,50,0,-0.11562623083591461,0.0489690862596035,-0.0005583178717643023,0.0,0.125569536055791,157.04676356295516,-0.25475417116450366,29.8,56.800000000000004
14.684517,50,1,-0.16573092341423035,5.2482805252075195,-1.2580044269561768,0.0,5.39948982298231,91.80869295959393,-13.472921946410539,11.9,71.2
14.684517,50,2,1.449182152748108,3.925872564315796,4.161521911621094,0.0,5.9017682878942,69.73906494754968,44.84015757143847,11.9,69.10000000000001
14.684517,50,3,3.622955322265625,3.8255324363708496,-2.659015655517578,0.0,5.90176820496585,46.55789383418863,-26.77869401811224,11.9,69.10000000000001
14.988036,51,0,-0.11562623083591461,0.04896942526102066,-0.0005277952295728028,0.0,0.12556953625589,157.04662112685833,-0.2408269477369061,29.900000000000002,56.7
14.988036,51,1,-0.16573092341423035,5.249588489532471,-1.2525358200073242,0.0,5.39948997858214,91.80824261284245,-13.413257632756183,11.8,71.3
14.988036,51,2,1.449182152748108,3.926499366760254,4.160930633544922,0.0,5.90176837280021,69.74203637092714,44.832061907002945,12.200000000000001,68.60000000000001
14.988036,51,3,3.622955322265625,3.9019367694854736,-2.5455751419067383,0.0,5.9017682624184,47.12323867114328,-25.55162301290153,12.200000000000001,68.60000000000001
15.284695,52,0,-0.11562623083591461,0.0489693358540535,-0.000536146282684058,0.0,0.125569536768054,157.0466586923932,-0.24463746006873693,30.200000000000003,56.400000000000006
15.284695,52,1,-0.16573092341423035,5.24855899810791,-1.2568426132202148,0.0,5.39948994350406,91.80859705947043,-13.460244708182135,11.700000000000001,71.3
15.284695,52,2,1.449182152748108,3.8454108238220215,4.235983371734619,0.0,5.90176824701067,69.35057238243405,45.86887694450096,12.4,69.2
15.284695,52,3,3.622955322265625,3.964386224746704,-2.447183132171631,0.0,5.90176826794136,47.576575846068714,-24.497436426887713,12.4,69.2
15.581472,53,0,-0.11562623083591461,0.048969388008117676,-0.0005313826259225607,0.0,0.12556953685789,157.046636779162,-0.2424638443799849,29.8,56.800000000000004
15.581472,53,1,-0.16573092341423035,5.246892929077148,-1.2637797594070435,0.0,5.39948992298925,91.8091709696713,-13.53594823193486,11.700000000000001,71.3
15.581472,53,2,1.449182152748108,3.8498127460479736,4.231983184814453,0.0,5.90176827468085,69.37219420457147,45.81313178824009,12.0,69.10000000000001
15.581472,53,3,3.622955322265625,3.9071035385131836,-2.537637948989868,0.0,5.90176835261674,47.16104189036085,-25.466243507706835,12.0,69.10000000000001
15.881997,54,0,-0.11562623083591461,0.04896920919418335,-0.0005474967765621841,0.0,0.125569536349961,157.04671191026998,-0.24981659483519217,29.6,57.0
15.881997,54,1,-0.16573092341423035,5.24929666519165,-1.253758430480957,0.0,5.3994900148227,91.80834307179725,-13.426595249512745,11.8,71.3
15.881997,54,2,1.449182152748108,3.9618663787841797,4.127269744873047,0.0,5.90176835042926,69.90835493616675,44.37308549482456,11.8,69.3
15.881997,54,3,3.622955322265625,3.8885743618011475,-2.565941095352173,0.0,5.90176834001532,47.025221481761534,-25.770975114995053,11.8,69.3
16.176208,55,0,-0.11562623083591461,0.04896952956914902,-0.0005181503365747631,0.0,0.125569536764755,157.04657730042734,-0.23642606682007175,30.0,56.6
16.176208,55,1,-0.16573092341423035,5.248719215393066,-1.2561736106872559,0.0,5.39949000195381,91.80854188866391,-13.452945157732033,11.700000000000001,71.3
16.176208,55,2,1.449182152748108,3.903169631958008,4.1828227043151855,0.0,5.90176819804179,69.63087366735598,45.13253884735169,12.100000000000001,69.3
16.176208,55,3,3.622955322265625,3.914215326309204,-2.5266542434692383,0.0,5.9017682565387,47.21298820335985,-25.348193828392613,12.100000000000001,69.3
16.478054,56,0,-0.11562623083591461,0.04896919056773186,-0.0005493786884471774,0.0,0.12556953730552,157.04671973643187,-0.2506752935329565,30.400000000000002,56.2
16.478054,56,1,-0.16573092341423035,5.24694299697876,-1.2635719776153564,0.0,5.39948994768348,91.80915371749265,-13.533680345070032,11.8,71.3
16.478054,56,2,1.449182152748108,3.848402261734009,4.2332658767700195,0.0,5.90176828275971,69.36527075664016,45.83100066741618,11.700000000000001,69.5
16.478054,56,3,3.622955322265625,3.934190511703491,-2.4954371452331543,0.0,5.90176810755218,47.358349476177814,-25.013306630157324,11.700000000000001,69.5
16.792023,57,0,-0.11562623083591461,0.0489688403904438,-0.0005794015014544129,0.0,0.125569535686825,157.04686686844383,-0.26437446228851735,29.900000000000002,56.7
16.792023,57,1,-0.16573092341423035,5.248464107513428,-1.2572381496429443,0.0,5.39948978994776,91.80862973662404,-13.464560850920181,11.9,71.2
16.792023,57,2,1.449182152748108,3.900942087173462,4.184900283813477,0.0,5.90176824899004,69.62019862670934,45.161135911608795,12.0,69.0
16.792023,57,3,3.622955322265625,3.905348062515259,-2.5403385162353516,0.0,5.90176825481934,47.14820379160376,-25.4952867088592,12.0,69.0
17.088986,58,0,-0.11562623083591461,0.04896863177418709,-0.0005970446509309113,0.0,0.125569536980397,157.04695452170944,-0.2724248921698556,30.0,56.6
17.088986,58,1,-0.16573092341423035,5.248584747314453,-1.256736397743225,0.0,5.39949025021161,91.80858819250673,-13.45908501077954,11.8,71.3
17.088986,58,2,1.449182152748108,3.8908393383026123,4.1942949295043945,0.0,5.90176834719841,69.57164855361434,45.29063051902516,12.0,69.0
17.088986,58,3,3.622955322265625,3.901649236679077,-2.546015977859497,0.0,5.90176832760547,47.12113332694394,-25.55636649190748,12.0,69.0
17.375393,59,0,-0.11562623083591461,0.04896825924515724,-0.0006267440039664507,0.0,0.125569536428497,157.0471110456805,-0.28597649066784936,29.5,57.1
17.375393,59,1,-0.16573092341423035,5.246840953826904,-1.26399564743042,0.0,5.39948995095407,91.80918887942376,-13.538304482219319,11.8,71.3
17.375393,59,2,1.449182152748108,3.8485679626464844,4.233115196228027,0.0,5.90176825531884,69.36608434003931,45.82890153972838,12.3,69.0
17.375393,59,3,3.622955322265625,3.9493658542633057,-2.4713501930236816,0.0,5.90176818373205,47.468249158944616,-24.755532030221207,12.3,69.0
17.681798,60,0,-0.11562623083591461,0.04896926134824753,-0.0005427625146694481,0.0,0.1255695361362,157.04668999702153,-0.2476563915195665,28.900000000000002,57.7
17.681798,60,1,-0.16573092341423035,5.248335361480713,-1.2577770948410034,0.0,5.39949016351093,91.80867407434792,-13.470440532463295,11.8,71.3
17.681798,60,2,1.449182152748108,3.864142894744873,4.218902587890625,0.0,5.9017682323996,69.44228348944681,45.63123465374187,12.200000000000001,69.0
17.681798,60,3,3.622955322265625,3.875361204147339,-2.5858535766601562,0.0,5.90176824770926,46.92794384675949,-25.985836557570412,12.200000000000001,69.0
17.971716,61,0,-0.11562623083591461,0.0489686094224453,-0.0005987795302644372,0.0,0.125569536524645,157.0469639131375,-0.27321650546684445,28.8,57.800000000000004
17.971716,61,1,-0.16573092341423035,5.248871803283691,-1.255535364151001,0.0,5.39948988302748,91.80848934816686,-13.445981839573735,11.9,71.2
17.971716,61,2,1.449182152748108,3.770977735519409,4.302379131317139,0.0,5.90176822513558,68.97829298924688,46.80248543510403,12.5,68.7
17.971716,61,3,3.622955322265625,3.9294567108154297,-2.502884864807129,0.0,5.90176820586727,47.32397336119968,-25.09311969942507,12.5,68.7
18.287933,62,0,-0.11562623083591461,0.0489688366651535,-0.000579813146032393,0.0,0.12556953613414,157.04686843367972,-0.26456229152404037,28.8,57.800000000000004
18.287933,62,1,-0.16573092341423035,5.248286247253418,-1.257981300354004,0.0,5.39948999666871,91.80869098894114,-13.472669156342326,11.9,71.2
18.287933,62,2,1.449182152748108,3.802338123321533,4.274688720703125,0.0,5.90176819053531,69.13669455840306,46.41118254169374,12.700000000000001,68.7
18.287933,62,3,3.622955322265625,3.9176342487335205,-2.5213499069213867,0.0,5.90176827121458,47.23792472217995,-25.29122534646821,12.700000000000001,68.7
18.588578,63,0,-0.11562623083591461,0.048967957496643066,-0.0006498859147541225,0.0,0.125569536394842,157.0472378303626,-0.2965359862216445,28.8,57.800000000000004
18.588578,63,1,-0.16573092341423035,5.248376369476318,-1.2576055526733398,0.0,5.39949006673482,91.80865995172594,-13.46856900261602,11.9,71.2
18.588578,63,2,1.449182152748108,3.9072322845458984,4.179028034210205,0.0,5.9017682390921,69.65031552659077,45.08034237452686,12.4,68.7
18.588578,63,3,3.622955322265625,3.879087209701538,-2.5802605152130127,0.0,5.90176813963156,46.95541120851441,-25.925446922318834,12.4,68.7
18.874198,64,0,-0.11562623083591461,0.0489690937101841,-0.0005576416151598096,0.0,0.12556953595633,157.04676043248827,-0.25444560104665137,29.5,57.1
18.874198,64,1,-0.16573092341423035,5.2491536140441895,-1.2543578147888184,0.0,5.3994901546656,91.80839232045864,-13.43313397218103,12.0,71.10000000000001
18.874198,64,2,1.449182152748108,3.9251537322998047,4.162199974060059,0.0,5.90176832467154,69.73565622012175,44.84944157573691,11.9,69.10000000000001
18.874198,64,3,3.622955322265625,3.849266529083252,-2.624539852142334,0.0,5.90176816848449,46.73478714324674,-26.40440168410832,11.9,69.10000000000001
19.180758,65,0,-0.11562623083591461,0.04896886274218559,-0.00057775474851951,0.0,0.125569536815792,157.04685747702922,-0.2636230595557275,29.5,57.1
19.180758,65,1,-0.16573092341423035,5.249118328094482,-1.2545052766799927,0.0,5.39949011023551,91.80840446887409,-13.434742870700134,11.8,71.3
19.180758,65,2,1.449182152748108,3.868008613586426,4.215358734130859,0.0,5.90176827773132,69.46111288515783,45.58205532730882,12.100000000000001,68.8
19.180758,65,3,3.622955322265625,3.8964695930480957,-2.5539357662200928,0.0,5.90176824813203,47.08317890182404,-25.641622782124948,12.100000000000001,68.8
19.492864,66,0,-0.11562623083591461,0.04896978661417961,-0.0004933616728521883,0.0,0.125569537166061,157.04646929970073,-0.2251152229591092,29.400000000000002,57.2
19.492864,66,1,-0.16573092341423035,5.246303558349609,-1.266223669052124,0.0,5.39948980417551,91.80937407718774,-13.562624086527896,11.9,71.2
19.492864,66,2,1.449182152748108,3.922429323196411,4.164767265319824,0.0,5.90176813180544,69.72272699412224,44.884609606631074,12.4,68.9
19.492864,66,3,3.622955322265625,3.9152956008911133,-2.524979829788208,0.0,5.90176821387687,47.220869913693676,-25.33020797679234,12.4,68.9
19.784796,67,0,-0.11562623083591461,0.04896878823637962,-0.0005838416400365531,0.0,0.12556953591425,157.04688878174957,-0.26640046221180014,29.5,57.1
19.784796,67,1,-0.16573092341423035,5.249453067779541,-1.2531025409698486,0.0,5.39948981182304,91.80828922966268,-13.419440438127511,11.8,71.3
19.784796,67,2,1.449182152748108,3.908677816390991,4.177676200866699,0.0,5.90176834715483,69.6572245620815,45.061758236172295,12.100000000000001,69.3
19.784796,67,3,3.622955322265625,3.898831605911255,-2.550328493118286,0.0,5.90176825885229,47.100493530855026,-25.602783173120564,12.100000000000001,69.3
20.09043,68,0,-0.11562623083591461,0.04896876588463783,-0.000585900095757097,0.0,0.125569536785428,157.04689817316847,-0.26733971766657233,29.700000000000003,56.900000000000006
20.09043,68,1,-0.16573092341423035,5.249093055725098,-1.2546108961105347,0.0,5.39949008215373,91.80841316986651,-13.435895239804006,11.9,71.2
20.09043,68,2,1.449182152748108,3.8893563747406006,4.195670127868652,0.0,5.9017683573204,69.56450333602254,45.309610919934286,12.0,69.2
20.09043,68,3,3.622955322265625,3.8745551109313965,-2.5870614051818848,0.0,5.90176831881421,46.921997780888596,-25.998881618892206,12.0,69.2
20.387316,69,0,-0.11562623083591461,0.04896895959973335,-0.0005692566628567874,0.0,0.125569535774999,157.04681678091444,-0.25974545306837676,29.3,57.300000000000004
20.387316,69,1,-0.16573092341423035,5.246881008148193,-1.2638287544250488,0.0,5.39948980674596,91.80917507738137,-13.536483285681147,11.9,71.2
20.387316,69,2,1.449182152748108,3.953580856323242,4.135207176208496,0.0,5.90176828497151,69.86962629087112,44.48098965519551,11.700000000000001,69.3
20.387316,69,3,3.622955322265625,3.8505759239196777,-2.6226186752319336,0.0,5.90176828829106,46.7445126039741,-26.38357936981448,11.700000000000001,69.3
20.680121,70,0,-0.11562623083591461,0.048968542367219925,-0.0006043077446520329,0.0,0.125569536858032,157.04699208742943,-0.2757389874642022,29.5,57.1
20.680121,70,1,-0.16573092341423035,5.24847412109375,-1.2571970224380493,0.0,5.39948994739259,91.8086262882255,-13.464111702668147,11.8,71.3
20.680121,70,2,1.449182152748108,4.01224422454834,4.078312873840332,0.0,5.90176825419272,70.14079142966042,43.711885150618315,11.600000000000001,69.5
20.680121,70,3,3.622955322265625,3.8663299083709717,-2.599337577819824,0.0,5.90176821562512,46.8612498831416,-26.131555807239465,11.600000000000001,69.5
20.982587,71,0,-0.11562623083591461,0.04896891489624977,-0.0005733733996748924,0.0,0.125569537072061,157.04683556373362,-0.261623884374445,29.8,56.800000000000004
20.982587,71,1,-0.16573092341423035,5.248703479766846,-1.2562391757965088,0.0,5.39948995964417,91.80854730707625,-13.453660627912441,11.8,71.3
20.982587,71,2,1.449182152748108,4.000678539276123,4.089658737182617,0.0,5.901768063308,70.08788645854425,43.86446751723727,11.700000000000001,69.4
20.982587,71,3,3.622955322265625,3.859485149383545,-2.609489917755127,0.0,5.90176825335514,46.81059234137949,-26.241390118603466,11.700000000000001,69.4
21.273646,72,0,-0.11562623083591461,0.048968441784381866,-0.0006121883634477854,0.0,0.125569535806671,157.0470343488894,-0.27933485792204504,30.0,56.6
21.273646,72,1,-0.16573092341423035,5.24803352355957,-1.2590351104736328,0.0,5.39948997709841,91.80877803019837,-13.484168243917352,11.8,71.3
21.273646,72,2,1.449182152748108,4.01301908493042,4.077550411224365,0.0,5.90176824722349,70.14432623632867,43.70164546220868,12.0,69.10000000000001
21.273646,72,3,3.622955322265625,3.883671760559082,-2.573354959487915,0.0,5.90176815525805,46.989168944386215,-25.850927916384123,12.0,69.10000000000001
21.573405,73,0,-0.11562623083591461,0.04896942153573036,-0.0005280598998069763,0.0,0.12556953591585,157.04662269208853,-0.2409477151124145,29.900000000000002,56.7
21.573405,73,1,-0.16573092341423035,5.248472213745117,-1.2572052478790283,0.0,5.39949000857719,91.8086269450623,-13.464201296807728,11.8,71.3
21.573405,73,2,1.449182152748108,4.000632286071777,4.0897040367126465,0.0,5.90176810016348,70.08767433935095,43.865077149125675,12.100000000000001,69.10000000000001
21.573405,73,3,3.622955322265625,3.884188652038574,-2.5725748538970947,0.0,5.90176822068282,46.99297233410032,-25.842512321476605,12.100000000000001,69.10000000000001
21.875992,74,0,-0.11562623083591461,0.04896901175379753,-0.0005648753140121698,0.0,0.125569536327822,157.04679486763203,-0.2577462778853062,29.900000000000002,56.7
21.875992,74,1,-0.16573092341423035,5.248999118804932,-1.255003809928894,0.0,5.39949007325013,91.80844551202497,-13.440181963310485,11.9,71.2
21.875992,74,2,1.449182152748108,3.977670669555664,4.1120405197143555,0.0,5.90176838778512,69.98183340840981,44.16660942130941,12.100000000000001,69.10000000000001
21.875992,74,3,3.622955322265625,3.8881778717041016,-2.5665414333343506,0.0,5.90176815523655,47.022307598409654,-25.777448086219806,12.100000000000001,69.10000000000001
22.18494,75,0,-0.11562623083591461,0.04896901547908783,-0.0005646106437779963,0.0,0.125569536590251,157.04679330239784,-0.2576255104698783,30.200000000000003,56.400000000000006
22.18494,75,1,-0.16573092341423035,5.247089385986328,-1.2629643678665161,0.0,5.39949004610682,91.80910327729515,-13.527048492111621,11.8,71.3
22.18494,75,2,1.449182152748108,3.966852903366089,4.122477054595947,0.0,5.90176820406035,69.93159443524307,44.30802996751832,11.8,69.2
22.18494,75,3,3.622955322265625,3.866460084915161,-2.5991439819335938,0.0,5.90176823453756,46.862212384691446,-26.129462278215634,11.8,69.2
22.483346,76,0,-0.11562623083591461,0.04896934702992439,-0.0005349112907424569,0.0,0.125569535859405,157.0466539967002,-0.24407394562450538,30.0,56.6
22.483346,76,1,-0.16573092341423035,5.248618125915527,-1.2565950155258179,0.0,5.39948979105518,91.80857669842389,-13.457543562198374,11.8,71.3
22.483346,76,2,1.449182152748108,3.9414331912994385,4.146787166595459,0.0,5.9017682365848,69.81258561129175,44.638770592649124,11.700000000000001,69.10000000000001
22.483346,76,3,3.622955322265625,3.881795883178711,-2.576184034347534,0.0,5.90176827100346,46.97536131965072,-25.881450673645688,11.700000000000001,69.10000000000001
22.784079,77,0,-0.11562623083591461,0.048969052731990814,-0.0005612290115095675,0.0,0.125569535958337,157.04677765005795,-0.2560825005391347,30.1,56.5
22.784079,77,1,-0.16573092341423035,5.24846887588501,-1.2572189569473267,0.0,5.39948995608077,91.80862809452786,-13.464351012888006,11.8,71.3
22.784079,77,2,1.449182152748108,3.96058988571167,4.128494739532471,0.0,5.90176837642689,69.90239759380758,44.38972516129866,11.700000000000001,69.10000000000001
22.784079,77,3,3.622955322265625,3.900583028793335,-2.5476489067077637,0.0,5.90176822515868,47.1133249905842,-25.573940351515866,11.700000000000001,69.10000000000001
23.080873,78,0,-0.11562623083591461,0.04896863177418709,-0.0005968976183794439,0.0,0.125569536281389,157.04695452170944,-0.2723578038483246,29.6,57.0
23.080873,78,1,-0.16573092341423035,5.247463226318359,-1.2614094018936157,0.0,5.39948985828521,91.80897447860367,-13.51007853231662,11.8,71.3
23.080873,78,2,1.449182152748108,3.9900851249694824,4.099995136260986,0.0,5.90176823788516,70.03919112681157,44.00381179995222,12.0,68.9
23.080873,78,3,3.622955322265625,3.899202823638916,-2.5497608184814453,0.0,5.90176822303873,47.103213702136074,-25.596672328374535,12.0,68.9
23.371755,79,0,-0.11562623083591461,0.0489695742726326,-0.0005138571141287684,0.0,0.125569536556033,157.04655851767987,-0.23446710797550144,29.6,57.0
23.371755,79,1,-0.16573092341423035,5.247416019439697,-1.2616058588027954,0.0,5.39948987988806,91.80899074171278,-13.5122224832187,11.8,71.3
23.371755,79,2,1.449182152748108,3.8422088623046875,4.238887786865234,0.0,5.90176816920587,69.3348174003694,45.9093874557666,12.100000000000001,68.9
23.371755,79,3,3.622955322265625,3.9353437423706055,-2.4936184883117676,0.0,5.90176827764345,47.366717276313395,-24.99382410139492,12.100000000000001,68.9
23.681045,80,0,-0.11562623083591461,0.048968713730573654,-0.0005902520497329533,0.0,0.125569536828123,157.0469200864844,-0.2693254804947032,29.5,57.1
23.681045,80,1,-0.16573092341423035,5.250099182128906,-1.2503925561904907,0.0,5.39948976346311,91.80806683651764,-13.389878657433472,11.8,71.3
23.681045,80,2,1.449182152748108,3.845196008682251,4.236178398132324,0.0,5.90176826703934,69.34951612159439,45.87159597675119,12.100000000000001,69.0
23.681045,80,3,3.622955322265625,3.914572238922119,-2.5261013507843018,0.0,5.90176830410232,47.21559250588829,-25.34225430726192,12.100000000000001,69.0
23.985929,81,0,-0.11562623083591461,0.048968564718961716,-0.0006025140755809844,0.0,0.125569536955293,157.0469826959975,-0.2749205494615268,29.8,56.800000000000004
23.985929,81,1,-0.16573092341423035,5.248270034790039,-1.258048176765442,0.0,5.39948981961385,91.80869657246853,-13.473399336669958,11.8,71.3
23.985929,81,2,1.449182152748108,3.919590711593628,4.167438983917236,0.0,5.90176820477794,69.70923897578878,44.921228331390836,11.3,69.3
23.985929,81,3,3.622955322265625,3.884108781814575,-2.572695255279541,0.0,5.90176813951885,46.992384668558635,-25.843811478249275,11.3,69.3
24.276004,82,0,-0.11562623083591461,0.04896925017237663,-0.0005437916843220592,0.0,0.125569536230572,157.04669469271704,-0.24812599272854854,30.0,56.6
24.276004,82,1,-0.16573092341423035,5.247877597808838,-1.2596852779388428,0.0,5.39949007036919,91.80883173718945,-13.491262824589365,11.8,71.3
24.276004,82,2,1.449182152748108,3.889253854751587,4.195765018463135,0.0,5.90176825609941,69.5640091972136,45.31092182857331,11.8,69.0
24.276004,82,3,3.622955322265625,3.8950207233428955,-2.556144952774048,0.0,5.90176827078086,47.072552455184685,-25.66541525857039,11.8,69.0
24.55942,83,0,-0.11562623083591461,0.048969026654958725,-0.0005638166912831366,0.0,0.125569537381148,157.0467886066955,-0.25726323478577595,30.0,56.6
24.55942,83,1,-0.16573092341423035,5.248382568359375,-1.2575796842575073,0.0,5.39949006713518,91.80865781693018,-13.468286740635152,11.8,71.3
24.55942,83,2,1.449182152748108,3.955603837966919,4.133272171020508,0.0,5.90176833453456,69.8790954227182,44.454665839283386,12.5,68.7
24.55942,83,3,3.622955322265625,3.947143793106079,-2.474897861480713,0.0,5.90176827868991,47.452185663905624,-24.79346440007867,12.5,68.7
24.884063,84,0,-0.11562623083591461,0.04896882176399231,-0.0005812834133394063,0.0,0.125569537120595,157.04687469462363,-0.2652331608505832,30.0,56.6
24.884063,84,1,-0.16573092341423035,5.248500347137451,-1.2570873498916626,0.0,5.3994899053647,91.80861725676777,-13.46291515155734,11.700000000000001,71.3
24.884063,84,2,1.449182152748108,3.909512758255005,4.176894664764404,0.0,5.90176820616835,69.6612131872069,45.05101891317959,11.8,69.0
24.884063,84,3,3.622955322265625,3.885899066925049,-2.569990396499634,0.0,5.9017681641659,47.00555404647388,-25.81463736512484,11.8,69.0
25.183672,85,0,-0.11562623083591461,0.0489690899848938,-0.000557994470000267,0.0,0.125569536071045,157.0467619977217,-0.2546066055710629,29.8,56.800000000000004
25.183672,85,1,-0.16573092341423035,5.2479987144470215,-1.2591800689697266,0.0,5.39948994738428,91.80879001955604,-13.485750130917612,12.200000000000001,70.9
25.183672,85,2,1.449182152748108,3.9896037578582764,4.100463390350342,0.0,5.9017681310065,70.03697297309633,44.01013312147754,12.0,68.60000000000001
25.183672,85,3,3.622955322265625,3.8725502490997314,-2.5900611877441406,0.0,5.90176818040101,46.907203392925865,-26.031288307190692,12.0,68.60000000000001
25.488611,86,0,-0.11562623083591461,0.04896901547908783,-0.0005646694335155189,0.0,0.125569536854607,157.04679330239784,-0.25765233520677244,30.0,56.6
25.488611,86,1,-0.16573092341423035,5.249303817749023,-1.2537291049957275,0.0,5.39949015914684,91.80834060943457,-13.426274957515185,11.8,71.3
25.488611,86,2,1.449182152748108,3.8110721111297607,4.266903877258301,0.0,5.90176823044049,69.18040473559759,46.30167703891052,12.600000000000001,68.9
25.488611,86,3,3.622955322265625,3.962709665298462,-2.449896812438965,0.0,5.9017681715043,47.56450669227794,-24.526391443935832,12.600000000000001,68.9
25.785455,87,0,-0.11562623083591461,0.048969611525535583,-0.0005104755400680006,0.0,0.125569537291331,157.04654286539431,-0.23292412462116754,29.6,57.0
25.785455,87,1,-0.16573092341423035,5.249510765075684,-1.252861499786377,0.0,5.39948997121656,91.80826936797719,-13.416810486566213,11.8,71.3
25.785455,87,2,1.449182152748108,3.952274799346924,4.136455535888672,0.0,5.90176832837248,69.86350838631849,44.49797792926021,12.0,68.60000000000001
25.785455,87,3,3.622955322265625,3.8468017578125,-2.6281511783599854,0.0,5.90176817973708,46.71647066448467,-26.443551398716604,12.0,68.60000000000001
26.082886,88,0,-0.11562623083591461,0.04896952956914902,-0.0005180914886295795,0.0,0.125569536521939,157.04657730042734,-0.23639921548112697,29.5,57.1
26.082886,88,1,-0.16573092341423035,5.247948169708252,-1.259389877319336,0.0,5.39948975311689,91.80880742904318,-13.488040107778403,12.0,71.10000000000001
26.082886,88,2,1.449182152748108,4.068988800048828,4.021699905395508,0.0,5.90176828550772,70.39649584818919,42.95625819924856,12.0,68.9
26.082886,88,3,3.622955322265625,3.8832974433898926,-2.5739197731018066,0.0,5.90176815025258,46.98641430667205,-25.857021166866417,12.0,68.9
26.379955,89,0,-0.11562623083591461,0.048968542367219925,-0.0006041607121005654,0.0,0.125569536150519,157.04699208742943,-0.2756718991611644,29.8,56.800000000000004
26.379955,89,1,-0.16573092341423035,5.248385906219482,-1.2575658559799194,0.0,5.39949009089799,91.80865666742685,-13.46813579433804,11.8,71.3
26.379955,89,2,1.449182152748108,3.880939245223999,4.203456878662109,0.0,5.90176821535167,69.52385709565262,45.41720529844141,12.700000000000001,68.5
26.379955,89,3,3.622955322265625,3.9670047760009766,-2.4429359436035156,0.0,5.9017682252438,47.595415050412925,-24.452133082168427,12.700000000000001,68.5
26.678105,90,0,-0.11562623083591461,0.0489693209528923,-0.0005374401807785034,0.0,0.125569536488177,157.04666495331773,-0.24522785522247237,30.0,56.6
26.678105,90,1,-0.16573092341423035,5.248421669006348,-1.2574162483215332,0.0,5.39949001075232,91.80864435141146,-13.466503574639768,12.0,71.10000000000001
26.678105,90,2,1.449182152748108,3.83919095993042,4.241621494293213,0.0,5.90176829768039,69.31994700664615,45.9475419580208,12.600000000000001,68.5
26.678105,90,3,3.622955322265625,3.9259116649627686,-2.508441686630249,0.0,5.90176815568419,47.29820046533449,-25.152703552686468,12.600000000000001,68.5
26.982653,91,0,-0.11562623083591461,0.048968955874443054,-0.0005697565502487123,0.0,0.125569536589413,157.0468183461492,-0.2599735459769227,29.900000000000002,56.7
26.982653,91,1,-0.16573092341423035,5.246868133544922,-1.2638822793960571,0.0,5.39948982459975,91.80917951372918,-13.537067440466526,12.0,71.10000000000001
26.982653,91,2,1.449182152748108,3.903484344482422,4.182528972625732,0.0,5.90176817117689,69.63238099780139,45.12849709498678,12.700000000000001,68.3
26.982653,91,3,3.622955322265625,3.9137890338897705,-2.5273141860961914,0.0,5.90176811338532,47.20987731841343,-25.355284126772144,12.700000000000001,68.3
27.282648,92,0,-0.11562623083591461,0.04896941035985947,-0.0005292361020110548,0.0,0.125569536509315,157.04662738777935,-0.24148440480850816,30.0,56.6
27.282648,92,1,-0.16573092341423035,5.247975826263428,-1.2592761516571045,0.0,5.39949010908932,91.80879790305588,-13.486798195535835,11.8,71.3
27.282648,92,2,1.449182152748108,3.833787202835083,4.246506214141846,0.0,5.90176823123469,69.29326938167692,46.015786711183935,13.0,68.5
27.282648,92,3,3.622955322265625,3.9525301456451416,-2.4662864208221436,0.0,5.90176825442156,47.491107192806325,-24.701408305467595,13.0,68.5
27.580841,93,0,-0.11562623083591461,0.0489690899848938,-0.0005579650169238448,0.0,0.125569535940167,157.0467619977217,-0.25459316664020737,29.8,56.800000000000004
27.580841,93,1,-0.16573092341423035,5.249688148498535,-1.2521194219589233,0.0,5.39949029467675,91.80820830833692,-13.40871443044077,11.9,71.2
27.580841,93,2,1.449182152748108,3.915426254272461,4.171351909637451,0.0,5.90176824507077,69.68941990385254,44.974901920562765,12.5,68.2
27.580841,93,3,3.622955322265625,3.8854153156280518,-2.5707216262817383,0.0,5.90176813521867,47.00199620100617,-25.822523671667287,12.5,68.2
27.882505,94,0,-0.11562623083591461,0.0489688478410244,-0.0005788721609860659,0.0,0.125569536150996,157.04686373797213,-0.2641329274307751,29.700000000000003,56.900000000000006
27.882505,94,1,-0.16573092341423035,5.247790336608887,-1.2600492238998413,0.0,5.39949017988105,91.80886179478689,-13.495234122742335,11.8,71.3
27.882505,94,2,1.449182152748108,3.9007019996643066,4.185123920440674,0.0,5.90176814450326,69.61904741813174,45.16421611112609,11.8,68.9
27.882505,94,3,3.622955322265625,3.8595504760742188,-2.6093931198120117,0.0,5.90176817557415,46.81107627083034,-26.240342779474794,11.8,68.9
28.182105,95,0,-0.11562623083591461,0.04896913468837738,-0.000554171740077436,0.0,0.125569536575422,157.04674321492294,-0.25286232449027135,30.1,56.5
28.182105,95,1,-0.16573092341423035,5.247498989105225,-1.2612614631652832,0.0,5.39949005537578,91.80896215826108,-13.508463533250199,11.8,71.3
28.182105,95,2,1.449182152748108,3.98860502243042,4.10143518447876,0.0,5.90176833747997,70.0323692623795,44.02325024948111,12.4,68.3
28.182105,95,3,3.622955322265625,3.8817338943481445,-2.576277256011963,0.0,5.90176819211908,46.97490492153912,-25.88245696158787,12.4,68.3
28.472509,96,0,-0.11562623083591461,0.048969585448503494,-0.0005125927273184061,0.0,0.125569535746624,157.04655382199383,-0.23389018107367468,30.3,56.300000000000004
28.472509,96,1,-0.16573092341423035,5.249691486358643,-1.2521045207977295,0.0,5.39949008443615,91.8082071594047,-13.408552410101857,11.8,71.3
28.472509,96,2,1.449182152748108,4.029350757598877,4.061412811279297,0.0,5.90176841829886,70.2185491013214,43.485326698156385,12.700000000000001,68.4
28.472509,96,3,3.622955322265625,3.9439611434936523,-2.479966402053833,0.0,5.90176822010458,47.42916087660535,-24.84767924403863,12.700000000000001,68.4
28.780769,97,0,-0.11562623083591461,0.048969563096761703,-0.0005146804614923894,0.0,0.125569535569681,157.04656321336626,-0.23484279588177984,30.0,56.6
28.780769,97,1,-0.16573092341423035,5.247387409210205,-1.2617249488830566,0.0,5.39948990256927,91.80900059828481,-13.513522108289992,11.8,71.3
28.780769,97,2,1.449182152748108,3.776301622390747,4.2977070808410645,0.0,5.90176829499651,69.00534562793624,46.73626342581811,12.600000000000001,69.0
28.780769,97,3,3.622955322265625,3.9529755115509033,-2.4655725955963135,0.0,5.90176828469311,47.49432280613499,-24.693780443261744,12.600000000000001,69.0
29.075487,98,0,-0.11562623083591461,0.04896901547908783,-0.0005645811907015741,0.0,0.125569536457822,157.04679330239784,-0.25761207154224336,29.900000000000002,56.7
29.075487,98,1,-0.16573092341423035,5.2471442222595215,-1.2627371549606323,0.0,5.39949019359099,91.8090843834825,-13.524568305831911,11.8,71.3
29.075487,98,2,1.449182152748108,4.043615818023682,4.047210216522217,0.0,5.90176823776881,70.28294526108569,43.295587992728436,12.0,68.9
29.075487,98,3,3.622955322265625,3.9172134399414062,-2.522003650665283,0.0,5.90176827867372,47.23485674436529,-25.298245053054075,12.0,68.9
29.386326,99,0,-0.11562623083591461,0.048968665301799774,-0.0005941335111856461,0.0,0.125569536247408,157.0469404345698,-0.27109656284320016,29.700000000000003,56.900000000000006
29.386326,99,1,-0.16573092341423035,5.248695373535156,-1.2562732696533203,0.0,5.39949001213916,91.80855009839225,-13.454032484143282,11.8,71.3
29.386326,99,2,1.449182152748108,3.9540231227874756,4.13478422164917,0.0,5.90176823731503,69.87169717245082,44.47523532367308,12.200000000000001,69.0
29.386326,99,3,3.622955322265625,3.900318145751953,-2.5480544567108154,0.0,5.90176824515997,47.11138477343322,-25.578305138778717,12.200000000000001,69.0
29.683793,100,0,-0.11562623083591461,0.048969268798828125,-0.0005422626272775233,0.0,0.125569536882036,157.04668686655805,-0.24742829567302108,30.0,56.6
29.683793,100,1,-0.16573092341423035,5.247995853424072,-1.2591915130615234,0.0,5.39948983544725,91.80879100498976,-13.485875296066649,11.8,71.3
29.683793,100,2,1.449182152748108,3.8937995433807373,4.19154691696167,0.0,5.90176832423695,69.58589712483658,45.25272166315716,12.100000000000001,69.0
29.683793,100,3,3.622955322265625,3.9065732955932617,-2.538454055786133,0.0,5.90176830910129,47.15716478625716,-25.47501963817074,12.100000000000001,69.0
29.98355,101,0,-0.11562623083591461,0.048968829214572906,-0.0005804600659757853,0.0,0.125569536217406,157.0468715641516,-0.26485747582680697,30.1,56.5
29.98355,101,1,-0.16573092341423035,5.248568534851074,-1.2568023204803467,0.0,5.39948983486119,91.80859377539967,-13.459805348810624,11.9,71.2
29.98355,101,2,1.449182152748108,4.000884532928467,4.0894575119018555,0.0,5.9017682688598,70.08883110168024,43.861756098218486,11.9,69.0
29.98355,101,3,3.622955322265625,3.8776276111602783,-2.582453727722168,0.0,5.90176824466969,46.94465469999172,-25.949123579536096,11.9,69.0
30.284799,102,0,-0.11562623083591461,0.048969440162181854,-0.0005265013896860182,0.0,0.125569536635408,157.04661486593787,-0.24023657915302324,29.8,56.800000000000004
30.284799,102,1,-0.16573092341423035,5.24869441986084,-1.2562780380249023,0.0,5.39949019453483,91.80855042678294,-13.454084047668273,11.8,71.3
30.284799,102,2,1.449182152748108,4.030056476593018,4.0607123374938965,0.0,5.90176827774931,70.22174439138966,43.47595602075039,11.700000000000001,69.2
30.284799,102,3,3.622955322265625,3.9099361896514893,-2.533270835876465,0.0,5.90176815896571,47.181744481348964,-25.419293922201184,11.700000000000001,69.2
30.580091,103,0,-0.11562623083591461,0.04896926507353783,-0.0005425566923804581,0.0,0.1255695366995,157.04668843178976,-0.24756247544384202,30.1,56.5
30.580091,103,1,-0.16573092341423035,5.248112201690674,-1.2587065696716309,0.0,5.39948985081413,91.80875093155072,-13.480583511662072,11.8,71.3
30.580091,103,2,1.449182152748108,3.9640214443206787,4.125199794769287,0.0,5.90176823245732,69.91840486150709,44.34497985000095,12.100000000000001,68.9
30.580091,103,3,3.622955322265625,3.94708251953125,-2.4749953746795654,0.0,5.90176819163606,47.45174257222122,-24.794507596239068,12.100000000000001,68.9
30.882259,104,0,-0.11562623083591461,0.0489690788090229,-0.0005592588568106294,0.0,0.125569537337658,157.0467666934222,-0.25518353229902524,30.0,56.6
30.882259,104,1,-0.16573092341423035,5.247572422027588,-1.2609566450119019,0.0,5.39949022816042,91.80893686101686,-13.505136561883045,11.8,71.3
30.882259,104,2,1.449182152748108,3.9392614364624023,4.148850440979004,0.0,5.90176834162907,69.80235524492291,44.666927272722766,11.9,69.10000000000001
30.882259,104,3,3.622955322265625,3.9289441108703613,-2.5036892890930176,0.0,5.90176813758342,47.32024825430977,-25.101743738740954,11.9,69.10000000000001
31.185336,105,0,-0.11562623083591461,0.04896878823637962,-0.0005840475205332041,0.0,0.125569536871671,157.04688878174957,-0.26649440184341544,30.1,56.5
31.185336,105,1,-0.16573092341423035,5.248693943023682,-1.2562787532806396,0.0,5.39948989743046,91.80855059097833,-13.45409260586984,11.8,71.3
31.185336,105,2,1.449182152748108,4.01546573638916,4.075140953063965,0.0,5.90176819091517,70.15547960223518,43.66929882776942,11.5,69.10000000000001
31.185336,105,3,3.622955322265625,3.871340036392212,-2.591869592666626,0.0,5.9017681189535,46.89826896945279,-26.050828749570396,11.5,69.10000000000001
31.463384,106,0,-0.11562623083591461,0.048969537019729614,-0.0005171505035832524,0.0,0.125569535548596,157.04657416996906,-0.23596985417561758,30.0,56.6
31.463384,106,1,-0.16573092341423035,5.24914026260376,-1.2544128894805908,0.0,5.39948996968775,91.80839691713719,-13.433735295932012,11.8,71.3
31.463384,106,2,1.449182152748108,4.030257225036621,4.060513019561768,0.0,5.90176822603482,70.22265314085041,43.47328999306574,11.4,69.0
31.463384,106,3,3.622955322265625,3.832669973373413,-2.6487174034118652,0.0,5.90176823291697,46.611212535149384,-26.666760733520277,11.4,69.0
31.769497,107,0,-0.11562623083591461,0.04896917939186096,-0.0005502020358107984,0.0,0.125569536552114,157.04672443212945,-0.2510509815488698,29.400000000000002,57.2
31.769497,107,1,-0.16573092341423035,5.246830463409424,-1.264038324356079,0.0,5.39948974776115,91.80919249427919,-13.538770803825923,12.0,71.10000000000001
31.769497,107,2,1.449182152748108,4.068423271179199,4.022272109985352,0.0,5.90176835805016,70.39397865335928,42.9638482497478,11.8,68.60000000000001
31.769497,107,3,3.622955322265625,3.855231523513794,-2.615770101547241,0.0,5.90176825969775,46.77906342387056,-26.3093850894354,11.8,68.60000000000001
32.082167,108,0,-0.11562623083591461,0.04896833002567291,-0.0006210687570273876,0.0,0.125569535832639,157.04708130609814,-0.283386917181164,30.1,56.5
32.082167,108,1,-0.16573092341423035,5.247821807861328,-1.259917974472046,0.0,5.39949013967415,91.80885095422678,-13.493801952120291,11.9,71.2
32.082167,108,2,1.449182152748108,4.040687561035156,4.05013370513916,0.0,5.90176820175548,70.26975921258298,43.33459634484343,11.8,68.8
32.082167,108,3,3.622955322265625,3.8643646240234375,-2.6022584438323975,0.0,5.90176822850861,46.84671473605911,-26.1631449338529,11.8,68.8
32.375686,109,0,-0.11562623083591461,0.04896952956914902,-0.000517826818395406,0.0,0.125569535430206,157.04657730042734,-0.23627845085256152,29.8,56.800000000000004
32.375686,109,1,-0.16573092341423035,5.248559474945068,-1.2568398714065552,0.0,5.39948976879933,91.80859689526662,-13.460215235854411,11.8,71.3
32.375686,109,2,1.449182152748108,3.992570161819458,4.0975751876831055,0.0,5.90176819500825,70.05063473208224,43.97115936224478,11.8,69.0
32.375686,109,3,3.622955322265625,3.868377923965454,-2.5962886810302734,0.0,5.90176820495367,46.87638853702321,-26.09859112738626,11.8,69.0
