658,0,2.6855738162994385,2.462146282196045,0.0,0.0,3.643414749616757,42.51473954716801
658,1,-1.8825345039367676,5.24465274810791,0.0,0.0,5.572281274913203,109.7452750774758
658,2,0.0,5.572281360626221,0.0,0.0,5.572281360626221,90.0
658,3,1.1453181505203247,6.108798027038574,0.0,0.0,6.215236681017198,79.38108298603235
659,0,2.6855738162994385,2.462146282196045,0.0,0.0,3.643414749616757,42.51473954716801
659,1,-1.8825345039367676,5.24465274810791,0.0,0.0,5.572281274913203,109.7452750774758
659,2,0.0,5.572281360626221,0.0,0.0,5.572281360626221,90.0
659,3,1.1453181505203247,6.108798027038574,0.0,0.0,6.215236681017198,79.38108298603235
660,0,2.6855738162994385,2.462146282196045,0.0,0.0,3.643414749616757,42.51473954716801
660,1,-1.8825345039367676,5.24465274810791,0.0,0.0,5.572281274913203,109.7452750774758
660,2,0.0,5.572281360626221,0.0,0.0,5.572281360626221,90.0
661,0,2.6855738162994385,2.462146282196045,0.0,0.0,3.643414749616757,42.51473954716801
661,1,-1.8825345039367676,5.24465274810791,0.0,0.0,5.572281274913203,109.7452750774758
661,2,0.0,5.572281360626221,0.0,0.0,5.572281360626221,90.0
661,3,1.1453181505203247,6.108798027038574,0.0,0.0,6.215236681017198,79.38108298603235
662,0,2.6855738162994385,2.462146282196045,0.0,0.0,3.643414749616757,42.51473954716801
662,1,-1.8825345039367676,5.24465274810791,0.0,0.0,5.572281274913203,109.7452750774758
662,2,0.0,5.572281360626221,0.0,0.0,5.572281360626221,90.0
662,3,1.1453181505203247,6.108798027038574,0.0,0.0,6.215236681017198,79.38108298603235
662,4,-1.777217984199524,5.5069260597229,0.0,0.14765694737434387,5.7865998989577125,107.88614310701655
662,5,-2.9027891159057617,3.4394783973693848,0.0,0.1968759298324585,4.5006884248292085,130.1630947517006
663,0,2.6855738162994385,2.462146282196045,0.0,0.0,3.643414749616757,42.51473954716801
663,1,-1.8825345039367676,5.24465274810791,0.0,0.0,5.572281274913203,109.7452750774758
663,2,0.0,5.572281360626221,0.0,0.0,5.572281360626221,90.0
663,3,1.1453181505203247,6.108798027038574,0.0,0.0,6.215236681017198,79.38108298603235
663,4,-1.2440524101257324,4.32533597946167,0.0,0.14765694737434387,4.5006885844685245,106.04628482094152
664,0,2.6855738162994385,2.462146282196045,0.0,0.0,3.643414749616757,42.51473954716801
664,1,-1.8825345039367676,5.24465274810791,0.0,0.0,5.572281274913203,109.7452750774758
664,2,0.0,5.572281360626221,0.0,0.0,5.572281360626221,90.0
664,3,1.1453181505203247,6.108798027038574,0.0,0.0,6.215236681017198,79.38108298603235
665,0,2.6855738162994385,2.462146282196045,0.0,0.0,3.643414749616757,42.51473954716801
665,1,-1.8825345039367676,5.24465274810791,0.0,0.0,5.572281274913203,109.7452750774758
665,2,0.0,5.572281360626221,0.0,0.0,5.572281360626221,90.0
666,0,2.6855738162994385,2.462146282196045,0.0,0.0,3.643414749616757,42.51473954716801
666,1,-1.8825345039367676,5.24465274810791,0.0,0.0,5.572281274913203,109.7452750774758
666,2,0.0,5.572281360626221,0.0,0.0,5.572281360626221,90.0
666,3,1.1453181505203247,6.108798027038574,0.0,0.0,6.215236681017198,79.38108298603235
666,4,-2.9027891159057617,3.4394783973693848,0.0,0.14765694737434387,4.5006884248292085,130.1630947517006
666,5,-1.2440524101257324,4.32533597946167,0.0,0.14765694737434387,4.5006885844685245,106.04628482094152
667,0,2.6855738162994385,2.462146282196045,0.0,0.0,3.643414749616757,42.51473954716801
667,1,-1.8825345039367676,5.24465274810791,0.0,0.0,5.572281274913203,109.7452750774758
667,2,0.0,5.572281360626221,0.0,0.0,5.572281360626221,90.0
668,0,2.6855738162994385,2.462146282196045,0.0,0.0,3.643414749616757,42.51473954716801
668,1,-1.8825345039367676,5.24465274810791,0.0,0.0,5.572281274913203,109.7452750774758
668,2,0.0,5.572281360626221,0.0,0.0,5.572281360626221,90.0
669,0,2.6855738162994385,2.462146282196045,0.0,0.0,3.643414749616757,42.51473954716801
669,1,-1.8825345039367676,5.24465274810791,0.0,0.0,5.572281274913203,109.7452750774758
669,2,0.0,5.572281360626221,0.0,0.0,5.572281360626221,90.0
669,3,1.1453181505203247,6.108798027038574,0.0,0.0,6.215236681017198,79.38108298603235
670,0,2.6855738162994385,2.462146282196045,0.0,0.0,3.643414749616757,42.51473954716801
670,1,-1.8825345039367676,5.24465274810791,0.0,0.0,5.572281274913203,109.7452750774758
670,2,0.0,5.572281360626221,0.0,0.0,5.572281360626221,90.0
670,3,1.1453181505203247,6.108798027038574,0.0,0.0,6.215236681017198,79.38108298603235
671,0,2.6855738162994385,2.462146282196045,0.0,0.0,3.643414749616757,42.51473954716801
671,1,-1.711395025253296,5.3029656410217285,0.0,0.0,5.572281177607491,107.8861430292438
671,2,0.0,5.572281360626221,0.0,0.0,5.572281360626221,90.0
671,3,1.1453181505203247,6.108798027038574,0.0,0.0,6.215236681017198,79.38108298603235
672,0,2.6855738162994385,2.462146282196045,0.0,0.0,3.643414749616757,42.51473954716801
672,1,-1.8825345039367676,5.24465274810791,0.0,0.0,5.572281274913203,109.7452750774758
672,2,0.0,5.572281360626221,0.0,0.0,5.572281360626221,90.0
672,3,1.1453181505203247,6.108798027038574,0.0,0.0,6.215236681017198,79.38108298603235
672,4,-1.777217984199524,5.5069260597229,0.0,-0.14765694737434387,5.7865998989577125,107.88614310701655
673,0,2.6855738162994385,2.462146282196045,0.0,0.0,3.643414749616757,42.51473954716801
673,1,-1.8825345039367676,5.24465274810791,0.0,0.0,5.572281274913203,109.7452750774758
673,2,0.0,5.572281360626221,0.0,0.0,5.572281360626221,90.0
674,0,2.6855738162994385,2.462146282196045,0.0,0.0,3.643414749616757,42.51473954716801
674,1,-1.8825345039367676,5.24465274810791,0.0,0.0,5.572281274913203,109.7452750774758
674,2,0.0,5.572281360626221,0.0,0.0,5.572281360626221,90.0
674,3,1.1453181505203247,6.108798027038574,0.0,0.0,6.215236681017198,79.38108298603235
675,0,2.6855738162994385,2.462146282196045,0.0,0.0,3.643414749616757,42.51473954716801
675,1,-1.8825345039367676,5.24465274810791,0.0,0.0,5.572281274913203,109.7452750774758
675,2,0.0,5.572281360626221,0.0,0.0,5.572281360626221,90.0
675,3,1.1453181505203247,6.108798027038574,0.0,0.0,6.215236681017198,79.38108298603235
676,0,2.6855738162994385,2.462146282196045,0.0,0.0,3.643414749616757,42.51473954716801
676,1,-1.8825345039367676,5.24465274810791,0.0,0.0,5.572281274913203,109.7452750774758
676,2,0.0,5.572281360626221,0.0,0.0,5.572281360626221,90.0
676,3,1.1453181505203247,6.108798027038574,0.0,0.0,6.215236681017198,79.38108298603235
676,4,-1.777217984199524,5.5069260597229,0.0,0.1968759298324585,5.7865998989577125,107.88614310701655
676,5,-3.7321577072143555,4.422187328338623,0.0,0.1968759298324585,5.786600203784447,130.16309159327034
677,0,2.6855738162994385,2.462146282196045,0.0,0.0,3.643414749616757,42.51473954716801
677,1,-1.8825345039367676,5.24465274810791,0.0,0.0,5.572281274913203,109.7452750774758
677,2,0.0,5.572281360626221,0.0,0.0,5.572281360626221,90.0
677,3,1.1453181505203247,6.108798027038574,0.0,0.0,6.215236681017198,79.38108298603235
677,4,-1.3822804689407349,4.2831645011901855,0.0,-0.14765694737434387,4.500688551663044,107.88614168902679
678,0,2.6855738162994385,2.462146282196045,0.0,0.0,3.643414749616757,42.51473954716801
678,1,-1.8825345039367676,5.24465274810791,0.0,0.0,5.572281274913203,109.7452750774758
678,2,0.0,5.572281360626221,0.0,0.0,5.572281360626221,90.0
678,3,1.1453181505203247,6.108798027038574,0.0,0.0,6.215236681017198,79.38108298603235
679,0,2.6855738162994385,2.462146282196045,0.0,0.0,3.643414749616757,42.51473954716801
679,1,-1.8825345039367676,5.24465274810791,0.0,0.0,5.572281274913203,109.7452750774758
679,2,0.0,5.572281360626221,0.0,0.0,5.572281360626221,90.0
679,3,1.1453181505203247,6.108798027038574,0.0,0.0,6.215236681017198,79.38108298603235
680,0,2.6855738162994385,2.462146282196045,0.0,0.0,3.643414749616757,42.51473954716801
680,1,-1.8825345039367676,5.24465274810791,0.0,0.0,5.572281274913203,109.7452750774758
680,2,0.0,5.572281360626221,0.0,0.0,5.572281360626221,90.0
680,3,1.1453181505203247,6.108798027038574,0.0,0.0,6.215236681017198,79.38108298603235
680,4,-1.2440524101257324,4.32533597946167,0.0,0.14765694737434387,4.5006885844685245,106.04628482094152
681,0,2.6855738162994385,2.462146282196045,0.0,0.0,3.643414749616757,42.51473954716801
681,1,-1.8825345039367676,5.24465274810791,0.0,0.0,5.572281274913203,109.7452750774758
681,2,0.0,5.572281360626221,0.0,0.0,5.572281360626221,90.0
681,3,1.1453181505203247,6.108798027038574,0.0,0.0,6.215236681017198,79.38108298603235
681,4,-1.2440524101257324,4.32533597946167,0.0,-0.14765694737434387,4.5006885844685245,106.04628482094152
682,0,2.6855738162994385,2.462146282196045,0.0,0.0,3.643414749616757,42.51473954716801
682,1,-1.8825345039367676,5.24465274810791,0.0,0.0,5.572281274913203,109.7452750774758
682,2,0.0,5.572281360626221,0.0,0.0,5.572281360626221,90.0
682,3,1.1453181505203247,6.108798027038574,0.0,0.0,6.215236681017198,79.38108298603235
683,0,2.6855738162994385,2.462146282196045,0.0,0.0,3.643414749616757,42.51473954716801
683,1,-1.8825345039367676,5.24465274810791,0.0,0.0,5.572281274913203,109.7452750774758
683,2,0.0,5.572281360626221,0.0,0.0,5.572281360626221,90.0
683,3,1.1453181505203247,6.108798027038574,0.0,0.0,6.215236681017198,79.38108298603235
684,0,2.6855738162994385,2.462146282196045,0.0,0.0,3.643414749616757,42.51473954716801
684,1,-1.8825345039367676,5.24465274810791,0.0,0.0,5.572281274913203,109.7452750774758
684,2,0.0,5.572281360626221,0.0,0.0,5.572281360626221,90.0
684,3,1.1453181505203247,6.108798027038574,0.0,0.0,6.215236681017198,79.38108298603235
684,4,-1.2440524101257324,4.32533597946167,0.0,-0.14765694737434387,4.5006885844685245,106.04628482094152
685,0,2.6855738162994385,2.462146282196045,0.0,0.0,3.643414749616757,42.51473954716801
685,1,-1.8825345039367676,5.24465274810791,0.0,0.0,5.572281274913203,109.7452750774758
685,2,0.0,5.572281360626221,0.0,0.0,5.572281360626221,90.0
685,3,1.1453181505203247,6.108798027038574,0.0,0.0,6.215236681017198,79.38108298603235
685,4,-2.3169655799865723,4.106453895568848,0.0,-0.14765694737434387,4.715007221126504,119.43279503247983
686,0,2.6855738162994385,2.462146282196045,0.0,0.0,3.643414749616757,42.51473954716801
686,1,-1.8825345039367676,5.24465274810791,0.0,0.0,5.572281274913203,109.7452750774758
686,2,0.0,5.572281360626221,0.0,0.0,5.572281360626221,90.0
686,3,1.1453181505203247,6.108798027038574,0.0,0.0,6.215236681017198,79.38108298603235
687,0,2.6855738162994385,2.462146282196045,0.0,0.0,3.643414749616757,42.51473954716801
687,1,-1.8825345039367676,5.24465274810791,0.0,0.0,5.572281274913203,109.7452750774758
687,2,0.0,5.572281360626221,0.0,0.0,5.572281360626221,90.0
687,3,1.1453181505203247,6.108798027038574,0.0,0.0,6.215236681017198,79.38108298603235
