767,0,2.8435487747192383,2.606978416442871,0.0,0.0,3.8577332849752923,42.514739265643094
767,1,-1.7772178649902344,3.4239747524261475,0.0,0.0,3.857733329935099,117.4316191077617
767,2,-1.711395025253296,5.3029656410217285,0.0,0.0,5.572281177607491,107.8861430292438
767,3,0.0,5.572281360626221,0.0,0.0,5.572281360626221,90.0
767,4,1.1453181505203247,6.108798027038574,0.0,0.0,6.215236681017198,79.38108298603235
768,0,2.5736746788024902,2.5788893699645996,0.0,0.0,3.6434148452825834,45.05798660438101
768,1,-1.8825345039367676,5.24465274810791,0.0,0.0,5.572281274913203,109.7452750774758
768,2,0.0,5.572281360626221,0.0,0.0,5.572281360626221,90.0
768,3,0.07898746430873871,2.5706088542938232,0.0,0.09843796491622925,2.5718220975199135,88.2400181847383
768,4,-3.245068311691284,1.6565033197402954,0.0,0.393751859664917,3.643414826210919,152.95714579706558
768,5,0.7108871936798096,3.791667938232422,0.0,-0.1968759298324585,3.857733318408319,79.38108256594619
768,6,2.606586217880249,2.8439083099365234,0.0,-0.1968759298324585,3.857733296453926,47.493162953718155
768,7,0.7503809332847595,4.002316474914551,0.0,-0.1968759298324585,4.072052149765489,79.3810832986024
768,8,2.751396656036377,3.0019032955169678,0.0,-0.1968759298324585,4.072051934158476,47.49316274753512
769,0,2.5736746788024902,2.5788893699645996,0.0,0.0,3.6434148452825834,45.05798660438101
769,1,-1.8825345039367676,5.24465274810791,0.0,0.0,5.572281274913203,109.7452750774758
769,2,0.0,5.572281360626221,0.0,0.0,5.572281360626221,90.0
769,3,1.1453181505203247,6.108798027038574,0.0,0.0,6.215236681017198,79.38108298603235
769,4,-3.021270513534546,2.0362701416015625,0.0,0.14765694737434387,3.6434148275390417,146.02089297184116
769,5,0.0,3.6434147357940674,0.0,0.14765694737434387,3.6434147357940674,90.0
770,0,2.5736746788024902,2.5788893699645996,0.0,0.0,3.6434148452825834,45.05798660438101
770,1,-1.8825345039367676,5.24465274810791,0.0,0.0,5.572281274913203,109.7452750774758
770,2,0.0,5.572281360626221,0.0,0.0,5.572281360626221,90.0
770,3,0.5989882349967957,2.7209911346435547,0.0,0.1968759298324585,2.7861406390333916,77.585146568865
770,4,-3.251650810241699,2.4511988162994385,0.0,0.1968759298324585,4.072052139741492,142.9898395673019
770,5,0.7503809332847595,4.002316474914551,0.0,0.1968759298324585,4.072052149765489,79.3810832986024
770,6,0.7701277732849121,2.677589178085327,0.0,0.393751859664917,2.786140806525118,73.9537147392803
770,7,-3.0805110931396484,2.322187900543213,0.0,0.393751859664917,3.8577331738192737,142.98984312990814
770,8,3.0805110931396484,2.322187900543213,0.0,0.393751859664917,3.8577331738192737,37.010156870091876
770,9,0.9412672519683838,2.622326374053955,0.0,0.6398468017578125,2.7861406374566013,70.2547249225242
770,10,4.0020318031311035,5.569429874420166,0.0,-0.1968759298324585,6.858192741484933,54.300064780191455
770,11,6.529630661010742,2.0973143577575684,0.0,-0.1968759298324585,6.858192479397733,17.80699434704635
771,0,2.6855738162994385,2.462146282196045,0.0,0.0,3.643414749616757,42.51473954716801
771,1,-1.8825345039367676,5.24465274810791,0.0,0.0,5.572281274913203,109.7452750774758
771,2,0.0,5.572281360626221,0.0,0.0,5.572281360626221,90.0
771,3,0.5924059748649597,3.1597232818603516,0.0,0.5414087772369385,3.214777761679033,79.38108291398575
771,4,1.1058244705200195,4.362722873687744,0.0,0.5906277894973755,4.500688684212576,75.77672559385176
771,5,-3.5939292907714844,2.709219455718994,0.0,0.5906277894973755,4.50068859246133,142.98983827017503
771,6,0.8425329327583313,3.323979377746582,0.0,0.6890657544136047,3.42909618507077,75.77672573431745
771,7,3.3767142295837402,2.275831460952759,0.0,0.6890657544136047,4.072052041285288,33.979107508302015
771,8,0.8886089324951172,3.0895259380340576,0.0,0.787503719329834,3.214777808293341,73.95371518684014
772,0,2.6855738162994385,2.462146282196045,0.0,0.0,3.643414749616757,42.51473954716801
772,1,-1.8825345039367676,5.24465274810791,0.0,0.0,5.572281274913203,109.7452750774758
772,2,0.0,5.572281360626221,0.0,0.0,5.572281360626221,90.0
772,3,0.8293683528900146,3.767526149749756,0.0,0.738284707069397,3.857733162599989,77.5851460527174
772,4,1.2637994289398193,4.985969066619873,0.0,0.738284707069397,5.14364428492862,75.77672541252157
772,5,-3.633423328399658,3.640784502029419,0.0,0.738284707069397,5.143644318338551,134.94201924840334
772,6,0.8754444122314453,3.9768335819244385,0.0,0.9351606369018555,4.072052094120263,77.58514678883996
772,7,1.8430408239364624,8.372281074523926,0.0,1.3289124965667725,8.5727410942783,77.58514685914506
772,8,0.47392478585243225,7.700897216796875,0.0,-0.9351606369018555,7.715466456820036,86.47837304223276
773,0,2.6855738162994385,2.462146282196045,0.0,0.0,3.643414749616757,42.51473954716801
773,1,-1.8825345039367676,5.24465274810791,0.0,0.0,5.572281274913203,109.7452750774758
773,2,0.0,5.572281360626221,0.0,0.0,5.572281360626221,90.0
773,3,1.2637994289398193,4.985969066619873,0.0,0.14765694737434387,5.14364428492862,75.77672541252157
773,4,3.633423328399658,3.640784502029419,0.0,0.14765694737434387,5.143644318338551,45.05798075159667
773,5,1.1584827899932861,4.57047176361084,0.0,0.24609491229057312,4.715007371857928,75.7767260024792
773,6,1.0136724710464478,4.604754447937012,0.0,0.393751859664917,4.715007465991237,77.5851462732147
774,0,2.6855738162994385,2.462146282196045,0.0,0.0,3.643414749616757,42.51473954716801
774,1,-1.8825345039367676,5.24465274810791,0.0,0.0,5.572281274913203,109.7452750774758
774,2,0.0,5.572281360626221,0.0,0.0,5.572281360626221,90.0
774,3,-4.2389936447143555,4.247581958770752,0.0,0.14765694737434387,6.000918231104593,134.94201736912808
774,4,1.4744325876235962,5.816964149475098,0.0,0.14765694737434387,6.0009185440001565,75.7767267073645
774,5,0.9478495717048645,5.0555572509765625,0.0,0.24609491229057312,5.143644420883192,79.38108278347092
775,0,2.6855738162994385,2.462146282196045,0.0,0.0,3.643414749616757,42.51473954716801
775,1,-1.8825345039367676,5.24465274810791,0.0,0.0,5.572281274913203,109.7452750774758
775,2,0.0,5.572281360626221,0.0,0.0,5.572281360626221,90.0
775,3,1.513926386833191,4.691085338592529,0.0,-0.24609491229057312,4.929325994363488,72.1138580118356
775,4,2.6329152584075928,4.666424751281738,0.0,-0.14765694737434387,5.357962552811503,60.567205899043
776,0,2.6855738162994385,2.462146282196045,0.0,0.0,3.643414749616757,42.51473954716801
776,1,-1.8825345039367676,5.24465274810791,0.0,0.0,5.572281274913203,109.7452750774758
776,2,0.0,5.572281360626221,0.0,0.0,5.572281360626221,90.0
776,3,1.5929138660430908,4.437783241271973,0.0,-0.14765694737434387,4.71500738929927,70.25472489558041
776,4,-3.8703856468200684,4.585971832275391,0.0,-0.14765694737434387,6.000918488159467,130.16309199629183
777,0,2.6855738162994385,2.462146282196045,0.0,0.0,3.643414749616757,42.51473954716801
777,1,-1.8825345039367676,5.24465274810791,0.0,0.0,5.572281274913203,109.7452750774758
777,2,0.0,5.572281360626221,0.0,0.0,5.572281360626221,90.0
777,3,-4.489120960235596,4.897841930389404,0.0,-0.393751859664917,6.643874063429195,132.50683957239812
777,4,1.1584827899932861,4.57047176361084,0.0,-0.1968759298324585,4.715007371857928,75.7767260024792
778,0,2.6855738162994385,2.462146282196045,0.0,0.0,3.643414749616757,42.51473954716801
778,1,-1.8825345039367676,5.24465274810791,0.0,0.0,5.572281274913203,109.7452750774758
778,2,0.0,5.572281360626221,0.0,0.0,5.572281360626221,90.0
778,3,1.1453181505203247,6.108798027038574,0.0,0.0,6.215236681017198,79.38108298603235
778,4,3.1792454719543457,3.7670483589172363,0.0,0.14765694737434387,4.929326029931805,49.836907455472584
778,5,0.7569631934165955,4.870858192443848,0.0,0.14765694737434387,4.929325796403074,81.16652216258149
778,6,3.501777410507202,4.873250961303711,0.0,0.29531389474868774,6.000918260115369,54.30006701899453
779,0,2.6855738162994385,2.462146282196045,0.0,0.0,3.643414749616757,42.51473954716801
779,1,-1.8825345039367676,5.24465274810791,0.0,0.0,5.572281274913203,109.7452750774758
779,2,0.0,5.572281360626221,0.0,0.0,5.572281360626221,90.0
779,3,1.1453181505203247,6.108798027038574,0.0,0.0,6.215236681017198,79.38108298603235
779,4,-2.8435487747192383,4.2861762046813965,0.0,-0.29531389474868774,5.143644242342612,123.56121889002867
779,5,-4.739247798919678,1.9991514682769775,0.0,-0.29531389474868774,5.143644261871053,157.12857934051027
779,6,0.0,4.286370277404785,0.0,-0.14765694737434387,4.286370277404785,90.0
780,0,2.6855738162994385,2.462146282196045,0.0,0.0,3.643414749616757,42.51473954716801
780,1,-1.711395025253296,5.3029656410217285,0.0,0.0,5.572281177607491,107.8861430292438
780,2,0.9544317722320557,6.14151668548584,0.0,0.0,6.2152366974997015,81.16652265959641
780,3,-0.5265830755233765,4.253901958465576,0.0,0.14765694737434387,4.286370446854182,97.05664610186875
781,0,2.6855738162994385,2.462146282196045,0.0,0.0,3.643414749616757,42.51473954716801
781,1,-1.8825345039367676,5.24465274810791,0.0,0.0,5.572281274913203,109.7452750774758
781,2,0.0,5.572281360626221,0.0,0.0,5.572281360626221,90.0
781,3,-0.7503809332847595,4.002316474914551,0.0,-0.49218982458114624,4.072052149765489,100.61891670139761
781,4,-3.1858277320861816,3.4758877754211426,0.0,-0.393751859664917,4.715007334655114,132.50683953790158
781,5,-0.7898746132850647,4.2129645347595215,0.0,-0.34453287720680237,4.286370501467849,100.61891643346794
781,6,4.278487205505371,3.2252614498138428,0.0,-0.34453287720680237,5.357962689990334,37.01016367025077
781,7,-0.9873431921005249,5.266205310821533,0.0,-0.34453287720680237,5.357962761601855,100.61891635510885
781,8,-0.6582288146018982,4.235528945922852,0.0,-0.1968759298324585,4.286370332125138,98.83347701682946
782,0,2.6855738162994385,2.462146282196045,0.0,0.0,3.643414749616757,42.51473954716801
782,1,-1.711395025253296,5.3029656410217285,0.0,0.0,5.572281177607491,107.8861430292438
782,2,0.0,5.572281360626221,0.0,0.0,5.572281360626221,90.0
782,3,-0.6713934540748596,3.581019639968872,0.0,-0.6398468017578125,3.643414721386705,100.61891756199317
782,4,-0.5594944953918457,3.6001996994018555,0.0,-0.49218982458114624,3.643414877000283,98.83347683283634
782,5,-3.0410172939300537,3.6032636165618896,0.0,-0.49218982458114624,4.7150074095827605,130.16309172934865
782,6,-0.7108871936798096,3.791667938232422,0.0,-0.24609491229057312,3.857733318408319,100.61891743405383
783,0,2.6855738162994385,2.462146282196045,0.0,0.0,3.643414749616757,42.51473954716801
783,1,-1.711395025253296,5.3029656410217285,0.0,0.0,5.572281177607491,107.8861430292438
783,2,0.9544317722320557,6.14151668548584,0.0,0.0,6.2152366974997015,81.16652265959641
783,3,-1.6587367057800293,7.535052299499512,0.0,-1.0335986614227295,7.715466325199978,102.41485394728261
783,4,-0.5924059748649597,3.1597232818603516,0.0,-0.738284707069397,3.214777761679033,100.61891708601425
783,5,-0.7372162938117981,2.908482074737549,0.0,-0.6398468017578125,3.0004592720000782,104.22327329263551
783,6,-2.725067615509033,2.73058819770813,0.0,-0.5414087772369385,3.857733196393838,134.94202237763292
783,7,3.7321574687957764,2.515392303466797,0.0,-0.5414087772369385,4.500688593118624,33.97910625586494
783,8,-0.9675963521003723,4.39544677734375,0.0,-0.5414087772369385,4.500688288813112,102.41485429377842
784,0,2.6855738162994385,2.462146282196045,0.0,0.0,3.643414749616757,42.51473954716801
784,1,-1.8825345039367676,5.24465274810791,0.0,0.0,5.572281274913203,109.7452750774758
784,2,0.0,5.572281360626221,0.0,0.0,5.572281360626221,90.0
784,3,-2.606586217880249,2.8439083099365234,0.0,-0.6398468017578125,3.857733296453926,132.50683704628185
784,4,-2.6329152584075928,2.196920156478882,0.0,-0.4429708421230316,3.4290962266898717,140.15817869220285
784,5,-0.7108871936798096,2.471620559692383,0.0,-0.29531389474868774,2.571822076511523,106.04628700863216
784,6,-0.5529122352600098,2.5116841793060303,0.0,-0.14765694737434387,2.571822186014505,102.4148535666414
785,0,2.5736746788024902,2.5788893699645996,0.0,0.0,3.6434148452825834,45.05798660438101
785,1,-1.711395025253296,5.3029656410217285,0.0,0.0,5.572281177607491,107.8861430292438
785,2,0.0,5.572281360626221,0.0,0.0,5.572281360626221,90.0
785,3,0.9544317722320557,6.14151668548584,0.0,0.0,6.2152366974997015,81.16652265959641
785,4,-1.0268369913101196,2.357938766479492,0.0,-0.24609491229057312,2.5718222009286817,113.53219924594764
785,5,-0.8688620328903198,2.4206089973449707,0.0,-0.14765694737434387,2.571822145916339,109.74527384001068
785,6,2.725067615509033,2.73058819770813,0.0,-0.14765694737434387,3.857733196393838,45.0579776223671
785,7,-1.6587367057800293,3.482915163040161,0.0,-0.14765694737434387,3.8577332064357504,115.46610306159366
786,0,-1.6784836053848267,2.7418038845062256,0.0,0.0,3.214777714654479,121.47422746263015
786,1,2.6855738162994385,2.462146282196045,0.0,0.0,3.643414749616757,42.51473954716801
786,2,-1.8825345039367676,5.24465274810791,0.0,0.0,5.572281274913203,109.7452750774758
786,3,0.0,5.572281360626221,0.0,0.0,5.572281360626221,90.0
786,4,0.0,8.78705883026123,0.0,0.4429708421230316,8.78705883026123,90.0
786,5,-0.5265830755233765,2.0774872303009033,0.0,-0.393751859664917,2.143185229393618,104.22327328957172
786,6,-2.488105058670044,1.6769282817840576,0.0,-0.34453287720680237,3.0004591723979006,146.0208933338539
786,7,-0.9215204119682312,2.855443000793457,0.0,-0.34453287720680237,3.000459064952302,107.88614349432758
786,8,-2.9093716144561768,2.1931777000427246,0.0,-0.24609491229057312,3.6434148288340755,142.98984038672776
786,9,2.9093716144561768,2.1931777000427246,0.0,-0.24609491229057312,3.6434148288340755,37.01015961327226
786,10,-4.054689884185791,2.406404972076416,0.0,-0.24609491229057312,4.715007417444078,149.31142782372407
786,11,-2.0273449420928955,4.256896495819092,0.0,-0.24609491229057312,4.715007453901479,115.46610296459504
787,0,2.3959529399871826,1.8061463832855225,0.0,0.0,3.000459172941468,37.010162028140364
787,1,-1.6587367057800293,2.5002694129943848,0.0,0.0,3.0004590643195366,123.56121804491178
787,2,2.6855738162994385,2.462146282196045,0.0,0.0,3.643414749616757,42.51473954716801
787,3,-1.711395025253296,5.3029656410217285,0.0,0.0,5.572281177607491,107.8861430292438
787,4,0.0,5.572281360626221,0.0,0.0,5.572281360626221,90.0
787,5,0.9544317722320557,6.14151668548584,0.0,0.0,6.2152366974997015,81.16652265959641
787,6,-0.7108871936798096,1.7930883169174194,0.0,-0.34453287720680237,1.9288665880261648,111.6263288378991
787,7,-2.863295555114746,1.4616204500198364,0.0,-0.34453287720680237,3.2147777179543926,152.9571476870657
787,8,-5.9240593910217285,8.929533958435059,0.0,-0.34453287720680237,10.71592536289786,123.56121582413942
787,9,0.9873431921005249,10.670342445373535,0.0,-0.34453287720680237,10.715925274120165,84.71338727682652
787,10,-2.448611259460449,0.7864936590194702,0.0,-0.14765694737434387,2.571822189739081,162.19298759307398
787,11,-0.9478495717048645,2.390784502029419,0.0,-0.14765694737434387,2.5718221839242994,111.6263277738995
788,0,-1.7772178649902344,2.6788601875305176,0.0,0.0,3.2147776352302326,123.56121653231493
788,1,2.5736746788024902,2.5788893699645996,0.0,0.0,3.6434148452825834,45.05798660438101
788,2,-1.8825345039367676,5.24465274810791,0.0,0.0,5.572281274913203,109.7452750774758
788,3,0.9544317722320557,6.14151668548584,0.0,0.0,6.2152366974997015,81.16652265959641
788,4,-1.290128469467163,2.7089340686798096,0.0,-0.393751859664917,3.0004591742238107,115.46610125643667
788,5,-2.580256938934326,1.5313488245010376,0.0,-0.393751859664917,3.0004591470672364,149.31142190760738
788,6,-0.5068362355232239,1.4120218753814697,0.0,-0.29531389474868774,1.5002295644984323,109.7452761381602
788,7,-0.4146841764450073,1.4417786598205566,0.0,-0.1968759298324585,1.5002295391398726,106.04628627940195
788,8,-0.36860814690589905,1.4542410373687744,0.0,-0.09843796491622925,1.5002296360000391,104.22327329263551
789,0,2.6855738162994385,2.462146282196045,0.0,0.0,3.643414749616757,42.51473954716801
789,1,-1.8825345039367676,5.24465274810791,0.0,0.0,5.572281274913203,109.7452750774758
789,2,0.0,5.572281360626221,0.0,0.0,5.572281360626221,90.0
789,3,0.9544317722320557,6.14151668548584,0.0,0.0,6.2152366974997015,81.16652265959641
789,4,-2.5275988578796387,0.474882572889328,0.0,0.24609491229057312,2.5718222031058917,169.35937234465968
789,5,0.0,2.571822166442871,0.0,0.24609491229057312,2.571822166442871,90.0
789,6,0.07898746430873871,2.5706088542938232,0.0,-0.14765694737434387,2.5718220975199135,88.2400181847383
789,7,-2.5275988578796387,0.474882572889328,0.0,-0.14765694737434387,2.5718222031058917,169.35937234465968
790,0,2.6855738162994385,2.462146282196045,0.0,0.0,3.643414749616757,42.51473954716801
790,1,-1.8825345039367676,5.24465274810791,0.0,0.0,5.572281274913203,109.7452750774758
790,2,0.0,5.572281360626221,0.0,0.0,5.572281360626221,90.0
790,3,0.9544317722320557,6.14151668548584,0.0,0.0,6.2152366974997015,81.16652265959641
790,4,0.5989882349967957,1.3754642009735107,0.0,0.1968759298324585,1.5002295403784964,66.46779989005971
791,0,-1.8825345039367676,5.24465274810791,0.0,0.0,5.572281274913203,109.7452750774758
791,1,0.0,5.572281360626221,0.0,0.0,5.572281360626221,90.0
791,2,1.1058244705200195,1.3102777004241943,0.0,0.393751859664917,1.7145481655030272,49.83690873780192
792,0,-1.8825345039367676,5.24465274810791,0.0,0.0,5.572281274913203,109.7452750774758
792,1,0.0,5.572281360626221,0.0,0.0,5.572281360626221,90.0
792,2,0.9544317722320557,6.14151668548584,0.0,0.0,6.2152366974997015,81.16652265959641
793,0,2.6855738162994385,2.462146282196045,0.0,0.0,3.643414749616757,42.51473954716801
793,1,-1.8825345039367676,5.24465274810791,0.0,0.0,5.572281274913203,109.7452750774758
793,2,0.0,5.572281360626221,0.0,0.0,5.572281360626221,90.0
793,3,0.9544317722320557,6.14151668548584,0.0,0.0,6.2152366974997015,81.16652265959641
793,4,-0.2764561176300049,1.2558420896530151,0.0,0.14765694737434387,1.2859110930072526,102.4148535666414
794,0,2.5736746788024902,2.5788893699645996,0.0,0.0,3.6434148452825834,45.05798660438101
794,1,-1.711395025253296,5.3029656410217285,0.0,0.0,5.572281177607491,107.8861430292438
794,2,0.0,5.572281360626221,0.0,0.0,5.572281360626221,90.0
794,3,0.9544317722320557,6.14151668548584,0.0,0.0,6.2152366974997015,81.16652265959641
794,4,-1.1058244705200195,2.321943521499634,0.0,0.1968759298324585,2.5718222093750964,115.46610230031123
794,5,-0.5792413949966431,1.6137393712997437,0.0,0.24609491229057312,1.7145481481021607,109.74527464121219
794,6,-0.6450642347335815,1.3544670343399048,0.0,0.49218982458114624,1.5002295871119053,115.46610125643667
795,0,-1.6587367057800293,2.5002694129943848,0.0,0.0,3.0004590643195366,123.56121804491178
795,1,2.3959529399871826,1.8061463832855225,0.0,0.0,3.000459172941468,37.010162028140364
795,2,2.6855738162994385,2.462146282196045,0.0,0.0,3.643414749616757,42.51473954716801
795,3,-1.8825345039367676,5.24465274810791,0.0,0.0,5.572281274913203,109.7452750774758
795,4,0.0,5.572281360626221,0.0,0.0,5.572281360626221,90.0
795,5,0.9544317722320557,6.14151668548584,0.0,0.0,6.2152366974997015,81.16652265959641
795,6,-2.6526622772216797,0.8520343899726868,0.0,0.34453287720680237,2.786140656659501,162.19299606751213
795,7,-2.6329152584075928,2.196920156478882,0.0,0.34453287720680237,3.4290962266898717,140.15817869220285
795,8,-0.855697512626648,1.9649488925933838,0.0,0.4429708421230316,2.143185102509673,113.53220058121629
795,9,-5.706843852996826,9.322134017944336,0.0,0.49218982458114624,10.930244709566326,121.47422343199815
795,10,6.318996906280518,2.6655361652374268,0.0,-0.1968759298324585,6.858192542483143,22.871427904785847
795,11,-0.6318997144699097,6.829019546508789,0.0,-0.1968759298324585,6.8581925618741755,95.28661302454424
796,0,2.6855738162994385,2.462146282196045,0.0,0.0,3.643414749616757,42.51473954716801
796,1,-1.8825345039367676,5.24465274810791,0.0,0.0,5.572281274913203,109.7452750774758
796,2,0.0,5.572281360626221,0.0,0.0,5.572281360626221,90.0
796,3,-2.8435487747192383,2.606978416442871,0.0,0.49218982458114624,3.8577332849752923,137.4852607343569
796,4,3.3174734115600586,1.9688769578933716,0.0,0.49218982458114624,3.8577333126761615,30.688575238270325
796,5,-0.7372162938117981,3.348912239074707,0.0,0.5906277894973755,3.4290962437479022,102.41485324243178
796,6,-0.5529122352600098,2.5116841793060303,0.0,0.6890657544136047,2.571822186014505,102.4148535666414
796,7,-0.7701278328895569,8.322867393493652,0.0,-0.6890657544136047,8.358422011879455,95.2866135188973
797,0,2.6855738162994385,2.462146282196045,0.0,0.0,3.643414749616757,42.51473954716801
797,1,-1.8825345039367676,5.24465274810791,0.0,0.0,5.572281274913203,109.7452750774758
797,2,0.0,5.572281360626221,0.0,0.0,5.572281360626221,90.0
797,3,0.9544317722320557,6.14151668548584,0.0,0.0,6.2152366974997015,81.16652265959641
797,4,3.936208724975586,2.967240571975708,0.0,0.5906277894973755,4.9293260937528425,37.01016055452349
797,5,-0.9083558917045593,4.844909191131592,0.0,0.5906277894973755,4.929326069180833,100.61891747190842
797,6,-0.8425329327583313,3.323979377746582,0.0,0.738284707069397,3.42909618507077,104.22327426568256
797,7,-0.6911402940750122,3.1396052837371826,0.0,0.836722731590271,3.2147777907290154,102.41485333825668
797,8,-0.5924059748649597,3.1597232818603516,0.0,1.0335986614227295,3.214777761679033,100.61891708601425
798,0,2.6855738162994385,2.462146282196045,0.0,0.0,3.643414749616757,42.51473954716801
798,1,-1.8825345039367676,5.24465274810791,0.0,0.0,5.572281274913203,109.7452750774758
798,2,0.0,5.572281360626221,0.0,0.0,5.572281360626221,90.0
798,3,0.9544317722320557,6.14151668548584,0.0,0.0,6.2152366974997015,81.16652265959641
798,4,-0.7108871936798096,3.791667938232422,0.0,0.6890657544136047,3.857733318408319,100.61891743405383
798,5,-1.0005079507827759,3.94722580909729,0.0,0.8859416842460632,4.072052031541752,104.22327450562234
799,0,2.6855738162994385,2.462146282196045,0.0,0.0,3.643414749616757,42.51473954716801
799,1,-1.6784836053848267,3.2337539196014404,0.0,0.0,3.64341483035947,117.43162012810045
799,2,-1.711395025253296,5.3029656410217285,0.0,0.0,5.572281177607491,107.8861430292438
799,3,-3.0410172939300537,3.6032636165618896,0.0,0.14765694737434387,4.7150074095827605,130.16309172934865
799,4,-0.8293682932853699,4.423612117767334,0.0,0.4429708421230316,4.500688384499096,100.61891730967443
800,0,2.6855738162994385,2.462146282196045,0.0,0.0,3.643414749616757,42.51473954716801
800,1,-1.8825345039367676,5.24465274810791,0.0,0.0,5.572281274913203,109.7452750774758
800,2,0.0,5.572281360626221,0.0,0.0,5.572281360626221,90.0
800,3,1.1453181505203247,6.108798027038574,0.0,0.0,6.215236681017198,79.38108298603235
800,4,-0.14481034874916077,4.712783336639404,0.0,0.1968759298324585,4.715007615604761,91.7599816219647
800,5,-0.39493730664253235,4.268136978149414,0.0,0.29531389474868774,4.28637011239399,95.28661311984565
801,0,2.6855738162994385,2.462146282196045,0.0,0.0,3.643414749616757,42.51473954716801
801,1,-1.8825345039367676,5.24465274810791,0.0,0.0,5.572281274913203,109.7452750774758
801,2,0.0,5.572281360626221,0.0,0.0,5.572281360626221,90.0
801,3,1.1453181505203247,6.108798027038574,0.0,0.0,6.215236681017198,79.38108298603235
801,4,-4.423297882080078,2.625169277191162,0.0,0.393751859664917,5.143644416901549,149.31142476172968
802,0,2.6855738162994385,2.462146282196045,0.0,0.0,3.643414749616757,42.51473954716801
802,1,-1.8825345039367676,5.24465274810791,0.0,0.0,5.572281274913203,109.7452750774758
802,2,0.0,5.572281360626221,0.0,0.0,5.572281360626221,90.0
802,3,0.9544317722320557,6.14151668548584,0.0,0.0,6.2152366974997015,81.16652265959641
802,4,0.7240517735481262,4.659081935882568,0.0,0.14765694737434387,4.715007471472918,81.16652223070702
802,5,-4.976210117340088,3.3538565635681152,0.0,0.1968759298324585,6.000918344795801,146.0208933338539
802,6,1.6587367057800293,5.767114639282227,0.0,0.1968759298324585,6.00091815655949,73.95371372059806
802,7,0.8688620328903198,4.634260654449463,0.0,0.393751859664917,4.715007215856267,79.38108331742059
802,8,-3.936208724975586,3.944183111190796,0.0,0.6398468017578125,5.572281358759322,134.9420208375569
802,9,1.3691160678863525,5.401466369628906,0.0,0.6398468017578125,5.572281197999313,75.77672491332665
803,0,2.6855738162994385,2.462146282196045,0.0,0.0,3.643414749616757,42.51473954716801
803,1,-1.8825345039367676,5.24465274810791,0.0,0.0,5.572281274913203,109.7452750774758
803,2,0.0,5.572281360626221,0.0,0.0,5.572281360626221,90.0
803,3,0.9544317722320557,6.14151668548584,0.0,0.0,6.2152366974997015,81.16652265959641
803,4,2.8435487747192383,5.03973913192749,0.0,-0.836722731590271,5.786600051160312,60.56720529848156
803,5,1.513926386833191,4.691085338592529,0.0,-0.14765694737434387,4.929325994363488,72.1138580118356
804,0,2.6855738162994385,2.462146282196045,0.0,0.0,3.643414749616757,42.51473954716801
804,1,-1.8825345039367676,5.24465274810791,0.0,0.0,5.572281274913203,109.7452750774758
804,2,0.0,5.572281360626221,0.0,0.0,5.572281360626221,90.0
804,3,1.7377240657806396,4.841217994689941,0.0,0.1968759298324585,5.143644291832678,70.25472615998933
804,4,1.8167117834091187,4.582337379455566,0.0,0.34453287720680237,4.9293262788268795,68.37367288638436
804,5,-4.199499607086182,4.581851959228516,0.0,0.34453287720680237,6.215236465831625,132.50683623589438
804,6,5.726590633392334,2.415642261505127,0.0,0.34453287720680237,6.215236746739936,22.871429975235156
804,7,1.8167117834091187,4.582337379455566,0.0,0.4429708421230316,4.9293262788268795,68.37367288638436
805,0,2.6855738162994385,2.462146282196045,0.0,0.0,3.643414749616757,42.51473954716801
805,1,-1.8825345039367676,5.24465274810791,0.0,0.0,5.572281274913203,109.7452750774758
805,2,0.0,5.572281360626221,0.0,0.0,5.572281360626221,90.0
805,3,1.7377240657806396,6.85570764541626,0.0,-0.24609491229057312,7.072511028497033,75.77672693861261
805,4,-4.9959564208984375,5.006079196929932,0.0,-0.24609491229057312,7.072510833180177,134.94201258946723
805,5,1.6587367057800293,5.767114639282227,0.0,-0.1968759298324585,6.00091815655949,73.95371372059806
806,0,2.6855738162994385,2.462146282196045,0.0,0.0,3.643414749616757,42.51473954716801
806,1,-1.8825345039367676,5.24465274810791,0.0,0.0,5.572281274913203,109.7452750774758
806,2,0.0,5.572281360626221,0.0,0.0,5.572281360626221,90.0
806,3,-3.936208724975586,3.944183111190796,0.0,-0.4429708421230316,5.572281358759322,134.9420208375569
806,4,1.5402555465698242,5.355178356170654,0.0,-0.4429708421230316,5.572281613050236,73.9537147392803
806,5,1.1058244705200195,4.362722873687744,0.0,-0.34453287720680237,4.500688684212576,75.77672559385176
807,0,2.6855738162994385,2.462146282196045,0.0,0.0,3.643414749616757,42.51473954716801
807,1,-1.8825345039367676,5.24465274810791,0.0,0.0,5.572281274913203,109.7452750774758
807,2,0.0,5.572281360626221,0.0,0.0,5.572281360626221,90.0
807,3,1.1453181505203247,6.108798027038574,0.0,0.0,6.215236681017198,79.38108298603235
807,4,0.7898746132850647,5.082634925842285,0.0,0.14765694737434387,5.143644592514537,81.16652291579278
807,5,3.159498453140259,4.058897495269775,0.0,0.14765694737434387,5.143644559308404,52.10234717987413
807,6,-4.443044662475586,2.9945144653320312,0.0,-0.1968759298324585,5.3579625564047735,146.02089569421278
808,0,2.6855738162994385,2.462146282196045,0.0,0.0,3.643414749616757,42.51473954716801
808,1,-1.8825345039367676,5.24465274810791,0.0,0.0,5.572281274913203,109.7452750774758
808,2,0.0,5.572281360626221,0.0,0.0,5.572281360626221,90.0
808,3,1.1453181505203247,6.108798027038574,0.0,0.0,6.215236681017198,79.38108298603235
808,4,-4.897222518920898,1.5729873180389404,0.0,-0.24609491229057312,5.143644379478162,162.19298759307398
808,5,-0.6318997144699097,5.104681968688965,0.0,-0.24609491229057312,5.143644160573843,97.05664688745709
809,0,2.6855738162994385,2.462146282196045,0.0,0.0,3.643414749616757,42.51473954716801
809,1,-1.8825345039367676,5.24465274810791,0.0,0.0,5.572281274913203,109.7452750774758
809,2,0.0,5.572281360626221,0.0,0.0,5.572281360626221,90.0
809,3,0.9544317722320557,6.14151668548584,0.0,0.0,6.2152366974997015,81.16652265959641
809,4,-0.41468414664268494,4.48154354095459,0.0,-0.24609491229057312,4.5006883307943655,95.28661313431583
809,5,-1.0268369913101196,5.476853847503662,0.0,-0.1968759298324585,5.572281603942723,100.6189164635803
809,6,4.791905879974365,2.843933343887329,0.0,-0.1968759298324585,5.572281294676989,30.688575721022058
810,0,2.6855738162994385,2.462146282196045,0.0,0.0,3.643414749616757,42.51473954716801
810,1,-1.8825345039367676,5.24465274810791,0.0,0.0,5.572281274913203,109.7452750774758
810,2,0.0,5.572281360626221,0.0,0.0,5.572281360626221,90.0
810,3,0.9544317722320557,6.14151668548584,0.0,0.0,6.2152366974997015,81.16652265959641
810,4,-0.5002539753913879,4.0412068367004395,0.0,-1.575007438659668,4.072051907440432,97.05664689216364
810,5,-0.37519046664237976,4.054730415344238,0.0,-0.49218982458114624,4.072051893993614,95.28661310385233
810,6,-0.37519046664237976,4.054730415344238,0.0,-0.4429708421230316,4.072051893993614,95.28661310385233
810,7,2.4222822189331055,4.293111324310303,0.0,-0.34453287720680237,4.9293261193677225,60.56720722409946
810,8,4.238994121551514,2.515787363052368,0.0,-0.34453287720680237,4.929326243883872,30.688574742617902
810,9,-0.5002539753913879,4.0412068367004395,0.0,-0.29531389474868774,4.072051907440432,97.05664689216364
811,0,2.6855738162994385,2.462146282196045,0.0,0.0,3.643414749616757,42.51473954716801
811,1,-1.8825345039367676,5.24465274810791,0.0,0.0,5.572281274913203,109.7452750774758
811,2,0.0,5.572281360626221,0.0,0.0,5.572281360626221,90.0
811,3,0.9544317722320557,6.14151668548584,0.0,0.0,6.2152366974997015,81.16652265959641
811,4,-0.5265830755233765,3.388423204421997,0.0,-0.49218982458114624,3.429096316479473,98.83347728812213
811,5,-0.5792413949966431,4.67929220199585,0.0,-0.4429708421230316,4.715007540326614,97.05664617444724
811,6,3.909879446029663,2.6351730823516846,0.0,-0.4429708421230316,4.715007365469974,33.979106889935785
811,7,-2.626333236694336,3.1119096279144287,0.0,-0.393751859664917,4.07205203828142,130.16309173266916
811,8,-3.4557013511657715,4.0946173667907715,0.0,-0.29531389474868774,5.357962598681847,130.1630933711951
812,0,2.6855738162994385,2.462146282196045,0.0,0.0,3.643414749616757,42.51473954716801
812,1,-1.8825345039367676,5.24465274810791,0.0,0.0,5.572281274913203,109.7452750774758
812,2,1.1453181505203247,6.108798027038574,0.0,0.0,6.215236681017198,79.38108298603235
812,3,-0.17113950848579407,2.780879497528076,0.0,-0.4429708421230316,2.7861406122334826,93.52162707566939
812,4,-0.44759562611579895,3.615816593170166,0.0,-0.393751859664917,3.6434148103067674,97.05664642609777
812,5,-2.349877119064331,2.7843399047851562,0.0,-0.393751859664917,3.643414769152847,130.16309481075763
812,6,-3.1792452335357666,3.1856863498687744,0.0,-0.393751859664917,4.500688588949488,134.94201844113806
812,7,4.008613586425781,2.0462682247161865,0.0,-0.29531389474868774,4.5006884509773055,27.042848821244306
812,8,-0.6911402344703674,4.447305202484131,0.0,-0.29531389474868774,4.500688657055292,98.8334771272747
813,0,2.6855738162994385,2.462146282196045,0.0,0.0,3.643414749616757,42.51473954716801
813,1,-1.8825345039367676,5.24465274810791,0.0,0.0,5.572281274913203,109.7452750774758
813,2,0.0,5.572281360626221,0.0,0.0,5.572281360626221,90.0
813,3,0.9544317722320557,6.14151668548584,0.0,0.0,6.2152366974997015,81.16652265959641
813,4,-0.21721550822257996,2.347475528717041,0.0,-0.14765694737434387,2.3575037507791468,95.28661244030883
