timestamp_s,frame_number,point_index,x,y,z,doppler,range,aoa,snr,noise
0.0,1,0,-0.11562623083591461,0.040943145751953125,-0.026868978515267372,0.0,0.12556953630494852,160.50099073130752,35.5,51.5
0.0,1,1,0.5550059676170349,1.0059400796890259,-1.946481704711914,0.0,2.260251776858827,61.11321980191274,20.900000000000002,51.5
0.0,1,2,-1.7575188875198364,2.236234188079834,0.9962854981422424,0.0,3.0136689894105118,128.16479401814104,12.700000000000001,63.0
0.0,1,3,1.2950139045715332,5.758674144744873,1.2204174995422363,0.0,6.027338367104972,77.32612996863749,11.600000000000001,67.7
0.0,1,4,3.7000396251678467,4.031557559967041,-2.5268666744232178,0.0,6.027338117067125,47.455243080412366,11.600000000000001,67.7
0.284973,2,0,-0.11562623083591461,0.04097094014286995,-0.02682657726109028,0.0,0.12556953627793682,160.48875333588637,34.300000000000004,52.7
0.284973,2,1,-0.2081272155046463,1.873956322669983,1.24647855758667,0.0,2.2602517628865746,96.33746891864484,28.3,52.7
0.284973,2,2,-1.0406361818313599,1.7783942222595215,-0.9290469884872437,0.0,2.2602517513586435,120.33424803959063,28.3,52.7
0.284973,2,3,1.2950139045715332,5.722176551818848,1.3814623355865479,0.0,6.027338026680044,77.24792786812131,11.600000000000001,67.8
0.591995,3,0,-0.11562623083591461,0.040967974811792374,-0.02683110535144806,0.0,0.1255695362414004,160.49005883225317,34.7,52.300000000000004
0.591995,3,1,-0.27750298380851746,1.96177077293396,1.0877432823181152,0.0,2.2602517381452722,98.05137683349253,27.900000000000002,52.300000000000004
0.591995,3,2,-1.0406361818313599,1.8122934103012085,-0.8610497117042542,0.0,2.260251683769689,119.86485394796927,27.900000000000002,52.300000000000004
0.591995,3,3,1.2950139045715332,5.676109790802002,1.5599758625030518,0.0,6.0273383895268475,77.14785701802424,11.4,67.9
0.591995,3,4,3.7000396251678467,4.092320919036865,-2.427225112915039,0.0,6.02733817542739,47.88193856319921,11.4,67.9
0.892567,4,0,-0.11562623083591461,0.04100658372044563,-0.026772059500217438,0.0,0.12556953585812647,160.47306278813784,34.2,52.800000000000004
0.892567,4,1,0.45865076780319214,0.4196304976940155,-2.0421600341796875,0.0,2.1346821511883607,42.45613660877865,25.8,51.1
0.892567,4,2,1.1100119352340698,5.794922828674316,1.231074571609497,0.0,6.027337860740539,79.1563959214753,11.3,67.8
0.892567,4,3,3.7000396251678467,4.120419979095459,-2.3792123794555664,0.0,6.027338183518149,48.076911422426164,11.3,67.8
1.192591,5,0,-0.11562623083591461,0.04103502258658409,-0.026728451251983643,0.0,0.1255695362830147,160.4605459893174,35.7,51.300000000000004
1.192591,5,1,0.5550059676170349,0.767851710319519,-2.0520989894866943,0.0,2.2602517859263918,54.140462033772764,26.1,51.300000000000004
1.192591,5,2,1.2950139045715332,5.672242164611816,1.5739799737930298,0.0,6.027338147551974,77.13938506271366,11.4,68.10000000000001
1.192591,5,3,3.7000396251678467,4.026862621307373,-2.5343422889709473,0.0,6.027338271273748,47.42198269248756,11.4,68.10000000000001
1.4714,6,0,-0.11562623083591461,0.04093329980969429,-0.02688397653400898,0.0,0.1255695364525635,160.50532617555135,34.9,52.1
1.4714,6,1,0.48563018441200256,1.0507385730743408,-1.9413526058197021,0.0,2.260251792407493,65.19457195535772,27.400000000000002,52.1
1.4714,6,2,-0.2081272155046463,1.9401626586914062,1.1406971216201782,0.0,2.2602517566162366,96.1228797540196,27.400000000000002,52.1
1.797859,7,0,-0.11562623083591461,0.040981024503707886,-0.02681116946041584,0.0,0.12556953625194628,160.48431382194246,35.2,51.7
1.797859,7,1,0.4162544310092926,0.9463837742805481,-2.009932279586792,0.0,2.260251704585426,66.25833896323185,25.6,51.7
1.797859,7,2,-0.13875149190425873,1.9154945611953735,1.1917914152145386,0.0,2.26025179302081,94.14306271096888,25.6,51.7
1.797859,7,3,1.2950139045715332,5.660706520080566,1.6149755716323853,0.0,6.027338170078529,77.11405112800425,11.5,67.9
1.797859,7,4,3.7000396251678467,4.026366233825684,-2.535130739212036,0.0,6.027338230230788,47.41846367236559,11.5,67.9
2.09547,8,0,-0.11562623083591461,0.04095051437616348,-0.02685774676501751,0.0,0.12556953629876313,160.49774627159883,35.2,51.800000000000004
2.09547,8,1,-0.27750298380851746,1.9236557483673096,1.1538106203079224,0.0,2.2602518204360718,98.20875219722119,22.8,51.800000000000004
2.09547,8,2,-1.0406361818313599,1.814560890197754,-0.8562610745429993,0.0,2.260251737074733,119.83392676276912,22.8,51.800000000000004
2.09547,8,3,-1.9425207376480103,2.151925802230835,0.8234255313873291,0.0,3.013669039599388,132.07223389142723,13.4,64.0
2.398904,9,0,-0.11562623083591461,0.04098519682884216,-0.026804788038134575,0.0,0.12556953562942114,160.4824770792066,35.2,51.7
2.398904,9,1,-0.27750298380851746,1.8567360639572144,1.2586745023727417,0.0,2.260251804588424,98.50035978898738,26.3,51.7
2.398904,9,2,-1.0406361818313599,1.8659567832946777,-0.7375766634941101,0.0,2.260251692752618,119.14822261563894,26.3,51.7
2.398904,9,3,1.2950139045715332,5.693434238433838,1.4955101013183594,0.0,6.027338127527736,77.18567157327927,11.5,67.9
2.697545,10,0,-0.11562623083591461,0.040973175317049026,-0.026823164895176888,0.0,0.12556953662364012,160.487769307332,35.0,51.900000000000006
2.697545,10,1,0.0,1.3813765048980713,1.7890044450759888,0.0,2.260251745444754,90.0,22.5,51.900000000000006
2.697545,10,2,-1.8500198125839233,2.1934969425201416,0.9209770560264587,0.0,3.013669006630527,130.14465732942077,13.200000000000001,64.0
2.697545,10,3,-0.8325088620185852,1.7834559679031372,-2.2821950912475586,0.0,3.013668964784163,115.02294526682377,13.200000000000001,64.0
3.058342,11,0,-0.11562623083591461,0.040962446480989456,-0.026839544996619225,0.0,0.1255695363320805,160.49249275361993,35.7,51.300000000000004
3.058342,11,1,-0.27750298380851746,1.9225541353225708,1.1556452512741089,0.0,2.2602518125334945,98.2133916126648,26.1,51.300000000000004
3.058342,11,2,-1.9425207376480103,0.4762361943721771,-2.2543320655822754,0.0,3.013668991600622,166.22483410980942,12.600000000000001,64.8
3.058342,11,3,-0.9250099062919617,2.8680269718170166,0.03128206729888916,0.0,3.0136689608420237,107.87579989204903,12.600000000000001,64.8
3.58745,12,0,-0.11562623083591461,0.04093465209007263,-0.02688191831111908,0.0,0.1255695366366428,160.50473071485084,35.0,51.900000000000006
3.58745,12,1,-0.27750298380851746,1.9390329122543335,1.1277772188186646,0.0,2.260251755029628,98.14453091926626,28.5,51.900000000000006
3.58745,12,2,1.2950139045715332,5.6786627769470215,1.550655484199524,0.0,6.0273380839301955,77.1534432712694,12.0,67.9
3.88619,13,0,-0.11562623083591461,0.04092410206794739,-0.0268979724496603,0.0,0.12556953575326568,160.50937640879732,35.1,51.800000000000004
3.88619,13,1,0.48563018441200256,0.7883263826370239,-2.0619027614593506,0.0,2.260251791125782,58.36581727722528,26.3,51.800000000000004
3.88619,13,2,-0.2081272155046463,1.9422286748886108,1.1371757984161377,0.0,2.2602517470177226,96.11641602909393,26.3,51.800000000000004
3.88619,13,3,-1.8500198125839233,2.048251152038574,1.2100807428359985,0.0,3.0136691080745615,132.08895441811924,11.9,65.3
3.88619,13,4,1.2950139045715332,5.645706653594971,1.6666553020477295,0.0,6.027338096317805,77.08096215409749,11.4,68.0
3.88619,13,5,3.7000396251678467,4.147777080535889,-2.3311920166015625,0.0,6.027338065506024,48.265326883086104,11.4,68.0
4.196858,14,0,-0.11562623083591461,0.040964704006910324,-0.026836102828383446,0.0,0.12556953709681962,160.4914988388748,35.2,51.7
4.196858,14,1,0.48563018441200256,0.4354625642299652,-2.1640872955322266,0.0,2.260251787642642,41.882446758727305,24.5,51.7
4.196858,14,2,-0.27750298380851746,1.9202927350997925,1.1593990325927734,0.0,2.260251802626586,98.22293178068242,24.5,51.7
4.196858,14,3,-1.9425207376480103,0.4675547182559967,-2.25614857673645,0.0,3.0136689650766098,166.46662950234975,13.4,64.8
4.196858,14,4,-0.9250099062919617,2.865176200866699,-0.13161785900592804,0.0,3.013669067691491,107.89245234511414,13.4,64.8
4.497718,15,0,-0.11562623083591461,0.040966589003801346,-0.026833221316337585,0.0,0.12556953626631795,160.4906689458229,35.4,51.5
4.497718,15,1,0.5126096606254578,1.3711423873901367,-1.883969783782959,0.0,2.3858210865175287,69.50144711181719,25.900000000000002,53.2
4.79302,16,0,-0.11562623083591461,0.04099411889910698,-0.026791144162416458,0.0,0.12556953630226447,160.4785495417278,35.2,51.7
4.79302,16,1,0.5550059676170349,0.6555175185203552,-2.0906944274902344,0.0,2.2602517625955576,49.746465346321145,26.1,51.7
5.087823,17,0,-0.11562623083591461,0.04096612706780434,-0.026833927258849144,0.0,0.12556953641862706,160.49087231803585,35.5,51.400000000000006
5.087823,17,1,0.6590694785118103,1.386212944984436,-1.8265223503112793,0.0,2.38582120087296,64.57143313973629,22.700000000000003,53.2
5.087823,17,2,-1.2449090480804443,1.926100730895996,-0.6576319932937622,0.0,2.385821116964592,122.87605787183008,22.700000000000003,53.2
5.087823,17,3,-1.8500198125839233,1.261811375617981,2.016794443130493,0.0,3.013669039631597,145.7039435353546,11.8,64.10000000000001
5.087823,17,4,-0.8325088620185852,2.61820650100708,-1.2385975122451782,0.0,3.0136688744112483,107.63905807849794,11.8,64.10000000000001
5.403834,18,0,-0.11562623083591461,0.04098464176058769,-0.026805641129612923,0.0,0.12556953656812433,160.4827214291813,35.6,51.300000000000004
5.403834,18,1,-0.2081272155046463,1.7265832424163818,1.4437214136123657,0.0,2.2602517892813783,96.87343131679499,27.200000000000003,51.300000000000004
5.403834,18,2,0.48563018441200256,1.1032832860946655,-1.9119800329208374,0.0,2.2602518292605907,66.2424334547725,27.200000000000003,51.300000000000004
5.403834,18,3,-1.8500198125839233,2.293551206588745,0.6318626999855042,0.0,3.013669012322142,128.89027433179646,13.3,64.60000000000001
5.403834,18,4,-0.8325088620185852,1.9102556705474854,-2.177166223526001,0.0,3.013668942843718,113.54806224847358,13.3,64.60000000000001
5.403834,18,5,1.4800158739089966,5.593761444091797,1.687657356262207,0.0,6.027337839591912,75.18008366625605,11.4,68.2
5.71567,19,0,-0.11562623083591461,0.04093337431550026,-0.026883859187364578,0.0,0.12556953561664197,160.50529336768517,35.5,51.400000000000006
5.71567,19,1,0.5550059676170349,0.5908985733985901,-2.1098685264587402,0.0,2.260251744181649,46.794061029488105,26.200000000000003,51.400000000000006
5.71567,19,2,-1.9425207376480103,1.4996888637542725,-1.7492133378982544,0.0,3.0136689940572943,142.33069781978702,13.4,64.60000000000001
5.71567,19,3,1.2950139045715332,5.7004714012146,1.4684596061706543,0.0,6.027338452754584,77.20096936843379,11.9,68.10000000000001
5.71567,19,4,-0.13875149190425873,1.9328471422195435,1.1634379625320435,-0.25578173995018005,2.2602517435791585,94.10599519912616,31.200000000000003,40.6
5.998526,20,0,-0.11562623083591461,0.04097725450992584,-0.02681693248450756,0.0,0.12556953656189898,160.48597348609596,35.4,51.5
5.998526,20,1,0.5550059676170349,0.6350968480110168,-2.0969879627227783,0.0,2.2602517882413626,48.85005442130701,25.6,51.5
6.283551,21,0,-0.11562623083591461,0.04100935161113739,-0.026767823845148087,0.0,0.12556953679253174,160.47184447111994,35.9,51.0
6.283551,21,1,-1.9425207376480103,2.302638292312622,-0.08167938143014908,0.0,3.013669099746648,130.1511980635215,15.3,63.5
6.283551,21,2,-0.13875149190425873,1.9665309190750122,1.1055506467819214,0.25578173995018005,2.26025177022021,94.03589997432368,31.200000000000003,40.400000000000006
6.597824,22,0,-0.11562623083591461,0.04100241884589195,-0.026778439059853554,0.0,0.12556953614239585,160.47489603733516,35.7,51.2
6.597824,22,1,0.585839569568634,1.142309308052063,-2.010985851287842,0.0,2.3858211690348106,62.84873277701262,22.1,52.900000000000006
6.597824,22,2,-0.8787593245506287,2.2073512077331543,-0.21800296008586884,0.0,2.38582115745751,111.70778849938368,22.1,52.900000000000006
6.597824,22,3,-1.9425207376480103,1.8019517660140991,1.4358913898468018,0.0,3.0136690373480097,137.14989655790728,12.4,63.5
6.597824,22,4,1.2950139045715332,5.6432414054870605,1.674983263015747,0.0,6.027338011512218,77.07550794745582,11.600000000000001,67.7
6.597824,22,5,3.7000396251678467,4.059638500213623,-2.4815011024475098,0.0,6.027338193736696,47.653301758786746,11.600000000000001,67.7
6.887398,23,0,-0.11562623083591461,0.040892016142606735,-0.02694672718644142,0.0,0.1255695359057599,160.52350705936962,35.6,51.300000000000004
6.887398,23,1,0.48563018441200256,0.9472002983093262,-1.993919014930725,0.0,2.260251782264893,62.85575734805918,23.3,51.300000000000004
6.887398,23,2,1.2950139045715332,5.668467998504639,1.5875194072723389,0.0,6.027338411900489,77.13110723704092,11.8,67.60000000000001
6.887398,23,3,-0.23125246167182922,2.1249778270721436,1.318360686302185,-0.34104230999946594,2.5113907234368567,96.21081897015254,14.3,40.400000000000006
6.887398,23,4,-1.1562622785568237,1.9261186122894287,-1.1225895881652832,-0.34104230999946594,2.5113906006191615,120.97668392852653,14.3,40.400000000000006
6.887398,23,5,0.16958513855934143,1.9328887462615967,1.966406226158142,-0.25578173995018005,2.762529904076773,84.98590097527466,14.5,41.7
6.887398,23,6,-0.6783405542373657,2.5557587146759033,0.7997015714645386,-0.25578173995018005,2.762529840303582,104.86452303169047,14.5,41.7
7.197475,24,0,-0.11562623083591461,0.040965646505355835,-0.02683466300368309,0.0,0.12556953686879324,160.49108389128415,35.4,51.5
7.197475,24,1,0.5126096606254578,1.2284687757492065,-1.9799591302871704,0.0,2.3858211070331383,67.35042859849142,20.0,53.1
7.197475,24,2,-0.7400079369544983,2.779226779937744,-0.900270402431488,0.0,3.0136688667756664,104.9098736395195,12.5,62.7
7.197475,24,3,-0.13875149190425873,1.9555655717849731,1.124833106994629,-0.5115634799003601,2.260251800275256,94.0584548682888,31.400000000000002,40.0
7.197475,24,4,-0.963551938533783,2.5219693183898926,1.6018911600112915,-0.25578173995018005,3.1392382626482034,110.91002216397442,18.2,47.7
7.503774,25,0,-0.11562623083591461,0.041012343019247055,-0.02676323801279068,0.0,0.12556953629833104,160.47052779115523,35.9,51.0
7.503774,25,1,-0.1464598923921585,1.4149792194366455,1.9153395891189575,0.0,2.3858211234632485,95.90945562358041,18.5,52.800000000000004
7.503774,25,2,-0.8055294156074524,2.2358901500701904,0.2099055051803589,0.0,2.3858211843503283,109.81268972556835,18.5,52.800000000000004
7.503774,25,3,-1.5725167989730835,2.2441132068634033,1.2543319463729858,0.0,3.0136691590091877,125.02007055501272,13.700000000000001,62.1
7.503774,25,4,1.2950139045715332,5.705010890960693,1.4507217407226562,0.0,6.027338039965827,77.21081853366415,11.600000000000001,67.9
7.503774,25,5,3.7000396251678467,3.982574939727783,-2.603384256362915,0.0,6.0273382155507305,47.1061565573849,11.600000000000001,67.9
7.503774,25,6,-0.2081272155046463,1.8617322444915771,1.2646636962890625,0.25578173995018005,2.260251789674079,96.37873867194975,34.300000000000004,39.400000000000006
7.503774,25,7,-0.9712603688240051,1.8410847187042236,-0.880794107913971,0.25578173995018005,2.2602517351017166,117.81379366676511,34.300000000000004,39.400000000000006
7.503774,25,8,0.585839569568634,0.863682746887207,2.1454572677612305,-0.25578173995018005,2.385821195381682,55.85079345095818,20.1,40.7
7.797112,26,0,-0.11562623083591461,0.04101019352674484,-0.02676653116941452,0.0,0.12556953619912958,160.47147389650618,36.0,50.900000000000006
7.797112,26,1,0.45865076780319214,1.2601735591888428,-1.6608643531799316,0.0,2.1346822540483457,70.00059811715522,27.200000000000003,49.300000000000004
7.797112,26,2,1.2950139045715332,5.677340507507324,1.5554909706115723,0.0,6.027338418478862,77.150550576405,11.4,67.9
7.797112,26,3,3.7000396251678467,4.02590274810791,-2.5358667373657227,0.0,6.0273382412730845,47.41517747670544,11.4,67.9
8.100756,27,0,-0.11562623083591461,0.041006430983543396,-0.02677229419350624,0.0,0.12556953601774584,160.4731300174719,34.800000000000004,52.1
8.100756,27,1,0.4162544310092926,1.2889987230300903,-1.8094066381454468,0.0,2.260251720820688,72.1032528227273,22.700000000000003,52.1
8.100756,27,2,1.2950139045715332,5.689880847930908,1.5089728832244873,0.0,6.027338072399074,77.1779333354628,11.8,67.7
8.100756,27,3,0.5550059676170349,0.9581730365753174,1.9704341888427734,-0.34104230999946594,2.2602517746195807,59.91913804776658,19.400000000000002,39.6
8.393855,28,0,-0.11562623083591461,0.040993332862854004,-0.02679234929382801,0.0,0.1255695368200721,160.4788955509319,36.1,50.800000000000004
8.393855,28,1,0.45865076780319214,1.1238019466400146,-1.7560116052627563,0.0,2.1346822011474744,67.79844024645047,28.0,49.1
8.393855,28,2,1.2950139045715332,5.701387882232666,1.4648972749710083,0.0,6.027338452660559,77.20295902545264,11.5,67.7
8.393855,28,3,3.7000396251678467,4.062309741973877,-2.477125644683838,0.0,6.027338146072311,47.67206453152074,11.5,67.7
8.393855,28,4,-1.8307486772537231,2.272167205810547,-1.1577707529067993,0.25578173995018005,3.1392383864105544,128.85936490769376,14.4,49.7
8.393855,28,5,-1.4029316902160645,1.643317461013794,-2.7736573219299316,0.34104230999946594,3.5159471760225363,130.48802250759164,15.0,43.900000000000006
8.393855,28,6,-0.2081272155046463,1.867943286895752,1.2554715871810913,0.42630288004875183,2.2602517486137756,96.357702876588,31.5,40.6
8.688859,29,0,-0.11562623083591461,0.041016679257154465,-0.026756592094898224,0.0,0.12556953633400605,160.46861921720995,35.0,51.900000000000006
8.688859,29,1,-0.27750298380851746,1.8737624883651733,1.2331846952438354,0.0,2.260251813716938,98.42423243956819,28.3,51.900000000000006
8.688859,29,2,-1.0406361818313599,1.7430565357208252,-0.9937645196914673,0.0,2.2602516829444563,120.83796315000755,28.3,51.900000000000006
8.688859,29,3,1.2950139045715332,5.733996391296387,1.331551432609558,0.0,6.027338122763494,77.27335753055019,11.600000000000001,67.5
8.688859,29,4,3.7000396251678467,4.078083515167236,-2.451070785522461,0.0,6.027338250018218,47.78258482965488,11.600000000000001,67.5
8.979485,30,0,-0.11562623083591461,0.04103609547019005,-0.026726804673671722,0.0,0.125569536420357,160.4600738190116,35.7,51.2
8.979485,30,1,-0.2081272155046463,1.7240620851516724,1.4467312097549438,0.0,2.260251801143017,96.88338621404567,24.900000000000002,51.2
8.979485,30,2,1.2950139045715332,5.708824157714844,1.4356422424316406,0.0,6.027337963396142,77.21908052698136,11.700000000000001,67.7
8.979485,30,3,3.7000396251678467,4.027207374572754,-2.5337939262390137,0.0,6.027338063048323,47.42442646136372,11.700000000000001,67.7
9.301476,31,0,-0.11562623083591461,0.04101552814245224,-0.026758357882499695,0.0,0.1255695366030011,160.46912587032892,35.1,51.800000000000004
9.301476,31,1,-1.0984491109848022,2.095115900039673,-0.3099045753479004,0.0,2.385821017981842,117.66759030700626,19.900000000000002,53.6
9.301476,31,2,-0.21968983113765717,1.1914244890213013,2.055331230163574,0.0,2.38582111664531,100.44756339246332,19.900000000000002,53.6
9.301476,31,3,-1.6650177240371704,2.258251428604126,1.1000988483428955,0.0,3.0136690283234255,126.40149871209074,12.4,63.900000000000006
9.301476,31,4,1.2950139045715332,5.696957111358643,1.482033133506775,0.0,6.027338015285465,77.19333429206932,12.200000000000001,67.3
9.301476,31,5,3.7000396251678467,3.9677109718322754,-2.6259818077087402,0.0,6.02733805574465,46.999310366328665,12.200000000000001,67.3
9.301476,31,6,-0.13104306161403656,1.8340197801589966,1.0844664573669434,-0.596824049949646,2.134682256253994,94.08691130272243,25.8,40.6
9.301476,31,7,-0.9173015356063843,1.6487758159637451,-0.9984809160232544,-0.596824049949646,2.13468216327288,119.08951084302952,25.8,40.6
9.602425,32,0,-0.11562623083591461,0.041000209748744965,-0.026781821623444557,0.0,0.1255695362189066,160.47586843058357,35.4,51.5
9.602425,32,1,0.4162544310092926,0.9481358528137207,-2.009106397628784,0.0,2.260251725741755,66.2973709528356,17.8,51.5
9.602425,32,2,-1.5725167989730835,2.111311197280884,1.4668868780136108,0.0,3.013669054110738,126.67895415623785,12.600000000000001,61.800000000000004
9.602425,32,3,1.2950139045715332,5.744351863861084,1.2861441373825073,0.0,6.027338226033223,77.29555485847939,11.8,67.7
9.602425,32,4,3.7000396251678467,3.9569671154022217,-2.642143487930298,0.0,6.027338068417872,46.92181361182648,11.8,67.7
9.602425,32,5,-0.13104306161403656,1.7694743871688843,1.1868681907653809,0.34104230999946594,2.1346821761317463,94.23545718867643,25.3,39.1
9.602425,32,6,-0.9173015356063843,1.6993472576141357,-0.9097499251365662,0.34104230999946594,2.134682209480489,118.3600138587738,25.3,39.1
9.901078,33,0,-0.11562623083591461,0.04096019268035889,-0.026842983439564705,0.0,0.12556953612110336,160.49348504042783,34.800000000000004,52.1
9.901078,33,1,0.5126096606254578,1.253130555152893,-1.964443325996399,0.0,2.385821123528782,67.75233379112471,18.0,53.800000000000004
9.901078,33,2,-0.7400079369544983,2.7653145790100098,-0.9421379566192627,0.0,3.0136689262332186,104.98151997355909,12.200000000000001,63.0
9.901078,33,3,-1.7575188875198364,0.6653605699539185,2.355976104736328,0.0,3.0136689821755356,159.26436304899997,12.200000000000001,63.0
9.901078,33,4,1.2950139045715332,5.6810808181762695,1.5417723655700684,0.0,6.0273379117915304,77.15872984724624,12.0,67.5
9.901078,33,5,3.7000396251678467,4.047038555145264,-2.501997470855713,0.0,6.027338188521768,47.56461778779227,12.0,67.5
10.204427,34,0,-0.11562623083591461,0.0409780815243721,-0.026815667748451233,0.0,0.12556953635151172,160.48560940665445,35.300000000000004,51.6
10.204427,34,1,-1.9425207376480103,2.2379043102264404,0.548268735408783,0.0,3.0136690468844445,130.9582697230261,15.200000000000001,61.800000000000004
10.204427,34,2,1.2950139045715332,5.716928005218506,1.403024673461914,0.0,6.027338140856887,77.23660387120779,11.5,67.60000000000001
10.204427,34,3,3.7000396251678467,3.9956159591674805,-2.5833241939544678,0.0,6.027338053571957,47.199547011181345,11.5,67.60000000000001
10.204427,34,4,-0.13875149190425873,1.9363359212875366,1.1576223373413086,0.08526057749986649,2.260251811742591,94.09862248689697,28.6,48.1
10.204427,34,5,-0.9712603688240051,1.7785334587097168,-1.0011045932769775,0.08526057749986649,2.2602518387291166,118.63903441943557,28.6,48.1
10.204427,34,6,0.0,2.386786937713623,1.3909778594970703,0.25578173995018005,2.7625298716306084,90.0,17.8,42.900000000000006
10.204427,34,7,-1.0175108909606934,2.2132644653320312,-1.3029593229293823,0.25578173995018005,2.7625298195555645,114.68980650589418,17.8,42.900000000000006
10.204427,34,8,-1.0175108909606934,2.5978636741638184,-1.139288306236267,0.34104230999946594,3.013669180167302,111.38889598474123,12.3,43.400000000000006
10.204427,34,9,0.18500198423862457,2.555192470550537,1.5871254205703735,0.34104230999946594,3.0136690920456197,85.85887589509677,12.3,43.400000000000006
10.495369,35,0,-0.11562623083591461,0.040986545383930206,-0.026802729815244675,0.0,0.1255695364544211,160.48188342664105,35.5,51.400000000000006
10.495369,35,1,-1.8500198125839233,1.221258521080017,2.0416061878204346,0.0,3.0136691106374456,146.5698941326807,11.3,62.800000000000004
10.495369,35,2,1.2950139045715332,5.700463771820068,1.468488097190857,0.0,6.027338178537679,77.20095280265866,11.4,68.0
10.495369,35,3,-0.1464598923921585,1.9804868698120117,1.3222570419311523,0.08526057749986649,2.3858211220696792,94.22940771371854,25.3,49.300000000000004
10.495369,35,4,-1.0252193212509155,1.9360102415084839,-0.944951057434082,0.08526057749986649,2.3858212030321373,117.9035749010721,25.3,49.300000000000004
10.495369,35,5,0.5550059676170349,0.8643113374710083,-2.013373374938965,-0.08526057749986649,2.260251768959503,57.29399400402108,26.0,47.5
10.785851,36,0,-0.11562623083591461,0.04099206253886223,-0.02679429017007351,0.0,0.12556953625074954,160.47945474429432,35.2,51.7
10.785851,36,1,-1.7575188875198364,1.9303133487701416,1.5057286024093628,0.0,3.0136690077947867,132.31735147403515,12.8,62.800000000000004
10.785851,36,2,1.2950139045715332,5.721310138702393,1.385048270225525,0.0,6.027338502781067,77.24605990127922,11.600000000000001,67.5
10.785851,36,3,3.7000396251678467,4.093235015869141,-2.42568302154541,0.0,6.027338072811507,47.88830447354922,11.600000000000001,67.5
10.785851,36,4,-0.1464598923921585,2.0923519134521484,1.1369938850402832,0.08526057749986649,2.3858210587605657,94.004043733897,27.6,49.300000000000004
10.785851,36,5,0.45865076780319214,1.239852786064148,-1.6760884523391724,-0.08526057749986649,2.134682167907487,69.69937823464366,26.5,46.6
11.100609,37,0,-0.11562623083591461,0.040994368493556976,-0.026790760457515717,0.0,0.12556953592093004,160.47843967181655,35.300000000000004,51.6
11.100609,37,1,-0.1464598923921585,2.189840793609619,0.935569167137146,0.08526057749986649,2.38582121457875,93.82633067973676,33.800000000000004,49.1
11.3903,38,0,-0.11562623083591461,0.04095523804426193,-0.026850542053580284,0.0,0.12556953607126792,160.49566647406525,34.9,52.0
11.3903,38,1,-0.07322994619607925,2.268021821975708,0.7367880344390869,0.0,2.385821078302081,91.8493251121032,23.0,53.5
11.3903,38,2,-1.7575188875198364,1.8828567266464233,1.564665675163269,0.0,3.013668987812161,133.02808986111194,11.9,63.5
11.3903,38,3,1.2950139045715332,5.6693339347839355,1.5844223499298096,0.0,6.02733792482912,77.1330074089147,11.4,67.9
11.3903,38,4,3.7000396251678467,4.044451713562012,-2.506176710128784,0.0,6.027338101810686,47.546373212501564,11.4,67.9
11.701119,39,0,-0.11562623083591461,0.0409664548933506,-0.02683342806994915,0.0,0.12556953669514861,160.4907279893159,35.1,51.800000000000004
11.701119,39,1,-0.1464598923921585,2.234842538833618,0.8222962617874146,0.0,2.385821203612997,93.7495040845027,17.6,53.400000000000006
11.701119,39,2,-0.9519892930984497,1.9389381408691406,-1.0131031274795532,0.0,2.385821174187206,116.1503398511203,17.6,53.400000000000006
11.701119,39,3,-1.7575188875198364,2.051567792892456,1.3358136415481567,0.0,3.013669048480396,130.58570998904756,13.9,61.800000000000004
11.701119,39,4,0.585839569568634,1.4749842882156372,-1.7813916206359863,0.25578173995018005,2.3858211915035583,68.33783567099027,26.400000000000002,40.6
11.701119,39,5,-1.1524081230163574,2.4992892742156982,-0.8755719661712646,0.25578173995018005,2.8880993102988564,114.75415906115005,21.3,47.900000000000006
11.701119,39,6,-0.1772935688495636,2.1763410568237305,1.8902974128723145,0.25578173995018005,2.8880993255571754,94.65726226368676,21.3,47.900000000000006
11.990853,40,0,-0.11562623083591461,0.040988411754369736,-0.026799878105521202,0.0,0.12556953699817788,160.4810618318035,35.4,51.5
11.990853,40,1,-0.07322994619607925,2.3213605880737305,0.5459535121917725,0.0,2.385821209218417,91.80686097862545,23.700000000000003,53.400000000000006
11.990853,40,2,-1.7575188875198364,1.9150934219360352,1.5250394344329834,0.0,3.0136689817077307,132.54321416545355,12.700000000000001,63.0
11.990853,40,3,1.2950139045715332,5.702157497406006,1.4618967771530151,0.0,6.027337996604098,77.20462937063708,11.9,67.5
11.990853,40,4,3.7000396251678467,4.09345817565918,-2.4253063201904297,0.0,6.027338036848343,47.88985835489429,11.9,67.5
11.990853,40,5,0.43937966227531433,1.545465111732483,-1.763696551322937,0.42630288004875183,2.385821121616599,74.12941415129231,35.4,40.1
12.30307,41,0,-0.11562623083591461,0.041047103703022,-0.026709895581007004,0.0,0.12556953651931327,160.4552293144951,35.6,51.300000000000004
12.30307,41,1,-1.7575188875198364,1.978806972503662,1.4414058923721313,0.0,3.013668963403773,131.61055266026946,14.5,61.2
12.30307,41,2,1.2950139045715332,5.621689796447754,1.745951771736145,0.0,6.027338116428095,77.02763290031044,12.100000000000001,67.5
12.30307,41,3,-0.07708415389060974,2.387840509414673,0.7741830945014954,0.17052115499973297,2.5113907957533543,91.84897752256876,35.800000000000004,40.400000000000006
12.30307,41,4,0.5395891070365906,1.6562143564224243,-1.8091105222702026,0.34104230999946594,2.5113907064893457,71.95456344826421,32.4,41.0
12.30307,41,5,-1.2025128602981567,2.858895778656006,-1.0196315050125122,0.5115634799003601,3.2648079052853425,112.81266585400334,15.3,43.7
12.30307,41,6,-0.10020940005779266,2.4930849075317383,2.1055774688720703,0.5115634799003601,3.2648079204517058,92.30176139365464,15.3,43.7
12.30307,41,7,0.7091742753982544,2.326441526412964,-1.5575168132781982,0.596824049949646,2.88809919364789,73.04709080956471,22.1,39.6
12.30307,41,8,0.7091742753982544,2.2995715141296387,-1.5969219207763672,0.7673451900482178,2.888099188486988,72.8605464169399,21.700000000000003,40.7
12.581316,42,0,-0.11562623083591461,0.0409838929772377,-0.0268067866563797,0.0,0.12556953671862672,160.48305105682775,35.800000000000004,51.1
12.581316,42,1,-0.7322994470596313,2.1572606563568115,-0.7085949778556824,0.0,2.3858212133919756,108.75019361287038,16.2,52.800000000000004
12.581316,42,2,2.050438642501831,0.45191848278045654,1.1329667568206787,0.0,2.385821161320376,12.429325092925854,16.2,52.800000000000004
12.581316,42,3,-1.7575188875198364,1.899680733680725,1.5441960096359253,0.0,3.0136690007501183,132.773932022369,14.8,61.0
12.581316,42,4,1.2950139045715332,5.60557746887207,1.7970103025436401,0.0,6.027338201893751,76.9916124096247,12.200000000000001,67.3
12.581316,42,5,3.7000396251678467,4.194202423095703,-2.2465922832489014,0.0,6.027338059281858,48.581920496644656,12.200000000000001,67.3
12.581316,42,6,-0.15416830778121948,2.341548442840576,0.894688069820404,0.25578173995018005,2.511390793877411,93.76693579896026,42.300000000000004,40.5
12.886509,43,0,-0.11562623083591461,0.04098762199282646,-0.026801083236932755,0.0,0.1255695364195474,160.48140949167342,35.4,51.5
12.886509,43,1,-0.7322994470596313,2.1502954959869385,-0.7294577956199646,0.0,2.385821006659195,108.80666534324271,15.9,53.2
12.886509,43,2,2.050438642501831,0.46094176173210144,1.1293257474899292,0.0,2.385821153883319,12.669559952307392,15.9,53.2
12.886509,43,3,-1.7575188875198364,1.9123209714889526,1.5285145044326782,0.0,3.013668981199908,132.58456733989715,14.600000000000001,61.2
12.886509,43,4,1.2950139045715332,5.7027435302734375,1.4596102237701416,0.0,6.0273382840556975,77.205900987839,11.700000000000001,67.8
12.886509,43,5,-1.0406360626220703,2.943039655685425,1.3229715824127197,0.34104230999946594,3.3903775066558834,109.47320055035495,16.5,54.5
12.886509,43,6,0.5665684938430786,1.1656579971313477,-2.296475887298584,0.42630288004875183,2.636960357198359,64.07791384718188,35.1,40.400000000000006
12.886509,43,7,-0.16187672317028046,2.5195982456207275,0.760906994342804,0.42630288004875183,2.6369601526908206,93.67603182478545,35.1,40.400000000000006
12.886509,43,8,0.0,3.722907781600952,0.5752354264259338,0.42630288004875183,3.7670861612286424,90.0,13.5,51.300000000000004
12.886509,43,9,-0.5087553858757019,7.9473443031311035,2.294563055038452,0.42630288004875183,8.287589102309267,93.66283559294003,12.100000000000001,48.2
13.200541,44,0,-0.11562623083591461,0.04093882068991661,-0.026875564828515053,0.0,0.1255695356432167,160.50289514869425,35.800000000000004,51.1
13.200541,44,1,-0.8055294156074524,2.14892578125,-0.6522136330604553,0.0,2.385821090501072,110.54861728231691,16.400000000000002,52.800000000000004
13.200541,44,2,2.050438642501831,0.4547446668148041,1.1318353414535522,0.0,2.385821153989657,12.50461731258111,16.400000000000002,52.800000000000004
13.200541,44,3,-1.7575188875198364,1.907376766204834,1.5346797704696655,0.0,3.01366898748615,132.65847538480494,14.5,61.300000000000004
13.200541,44,4,1.2950139045715332,5.7220025062561035,1.3821840286254883,0.0,6.027338250307686,77.24755267306465,11.8,67.7
13.200541,44,5,3.7000396251678467,4.1081223487854,-2.400383472442627,0.0,6.027337992445589,47.991762208925074,11.8,67.7
13.200541,44,6,-0.16958513855934143,2.607004404067993,0.8979648947715759,0.42630288004875183,2.762530006043777,93.72183580298183,36.0,40.900000000000006
13.200541,44,7,0.0,3.0798544883728027,0.60771244764328,0.596824049949646,3.1392384567870413,90.0,22.400000000000002,42.7
13.49625,45,0,-0.11562623083591461,0.04093532636761665,-0.026880888268351555,0.0,0.12556953594020764,160.50443380633146,34.800000000000004,52.1
13.49625,45,1,-0.8055294156074524,2.129300832748413,-0.7136827111244202,0.0,2.385821176850828,110.72198141997606,15.4,53.7
13.49625,45,2,2.050438642501831,0.4056302309036255,1.1503512859344482,0.0,2.385821156738015,11.190116533855186,15.4,53.7
13.49625,45,3,-1.7575188875198364,1.8943610191345215,1.5507173538208008,0.0,3.013668963613345,132.85403402837318,14.200000000000001,61.6
13.49625,45,4,-2.050438642501831,2.1448421478271484,-1.886064052581787,0.17052115499973297,3.515947109414725,133.7109302020757,25.0,51.300000000000004
13.49625,45,5,-0.9712603688240051,3.343189001083374,0.49155372381210327,0.17052115499973297,3.5159471646210125,106.19959188788592,25.0,51.300000000000004
13.49625,45,6,-0.1772935688495636,2.457064628601074,1.5074872970581055,0.25578173995018005,2.8880992970238233,94.12711907998109,39.0,41.0
13.49625,45,7,0.0,2.9570844173431396,1.3836987018585205,0.5115634799003601,3.2648078578713586,90.0,23.1,40.900000000000006
13.49625,45,8,-1.2025128602981567,2.228764057159424,-2.060471773147583,0.5115634799003601,3.2648078549290056,118.34874615464533,23.1,40.900000000000006
13.801203,46,0,-0.11562623083591461,0.040991831570863724,-0.026794644072651863,0.0,0.12556953636863669,160.47955641623054,35.0,51.900000000000006
13.801203,46,1,-0.8055294156074524,2.1425282955169678,-0.6729317307472229,0.0,2.3858210852337987,110.6048261499448,15.5,53.7
13.801203,46,2,2.050438642501831,0.49510058760643005,1.1147732734680176,0.0,2.3858211730453696,13.574847120168304,15.5,53.7
13.801203,46,3,-1.7575188875198364,1.8971203565597534,1.5473403930664062,0.0,3.0136689564843167,132.812454919587,14.100000000000001,61.7
13.801203,46,4,-2.1583564281463623,2.1082050800323486,-1.8052293062210083,0.34104230999946594,3.515947095511266,135.67345290784127,20.900000000000002,49.5
13.801203,46,5,-0.9712603688240051,3.3084664344787598,0.6874496340751648,0.34104230999946594,3.5159470774616075,106.36055881330945,20.900000000000002,49.5
13.801203,46,6,-0.2659403383731842,2.7355847358703613,0.8871128559112549,0.42630288004875183,2.8880992589978587,95.5525708206351,35.5,39.5
13.801203,46,7,0.728445291519165,2.2581942081451416,-2.4216904640197754,0.6820846199989319,3.3903773135096658,72.12140573971679,24.200000000000003,40.800000000000004
14.101195,47,0,-0.11562623083591461,0.04097428917884827,-0.02682146057486534,0.0,0.12556953602845378,160.487278937574,34.9,52.0
14.101195,47,1,-0.8055294156074524,2.130486488342285,-0.7101351022720337,0.0,2.3858210703857985,110.71142815934945,15.4,53.7
14.101195,47,2,2.050438642501831,0.47393500804901123,1.1239348649978638,0.0,2.385821158275895,13.014694902586605,15.4,53.7
14.101195,47,3,-1.7575188875198364,1.8935261964797974,1.5517367124557495,0.0,3.0136690132672483,132.86662639513887,14.0,61.800000000000004
14.101195,47,4,1.4800158739089966,5.4510626792907715,2.103395462036133,0.0,6.027338035177179,74.80983854017036,11.5,67.9
14.101195,47,5,3.7000396251678467,4.0937347412109375,-2.424839735031128,0.0,6.027338143807383,47.89178397589946,11.5,67.9
14.101195,47,6,-0.19271038472652435,2.9863526821136475,0.9483553767204285,0.42630288004875183,3.139238371787553,93.6921974274248,40.900000000000006,39.300000000000004
14.101195,47,7,-2.1968982219696045,2.1042065620422363,-2.2219114303588867,0.42630288004875183,3.7670860698681006,136.23457093755985,17.1,54.7
14.101195,47,8,-0.9250098466873169,3.650977611541748,-0.07520619034767151,0.42630288004875183,3.7670859702844837,104.2172620609068,17.1,54.7
14.402511,48,0,-0.11562623083591461,0.04099489003419876,-0.026789966970682144,0.0,0.12556953689699785,160.4782100933797,35.2,51.7
14.402511,48,1,-0.8055294156074524,2.132601022720337,-0.7037596702575684,0.0,2.3858211238476685,110.69263263835047,15.600000000000001,53.5
14.402511,48,2,2.050438642501831,0.5051719546318054,1.1102455854415894,0.0,2.385821156416341,13.840469446851511,15.600000000000001,53.5
14.402511,48,3,-1.7575188875198364,1.894258737564087,1.55084228515625,0.0,3.0136689596330104,132.85557651094885,14.200000000000001,61.6
14.402511,48,4,-0.10020940005779266,3.1550512313842773,0.8334154486656189,0.34104230999946594,3.2648080351827584,91.81919269816106,37.5,41.1
14.402511,48,5,-0.7168826460838318,3.8239798545837402,0.12659133970737457,0.34104230999946594,3.8926556518407005,100.61801131132763,12.9,54.7
14.402511,48,6,-2.1506478786468506,2.6069905757904053,-1.93160080909729,0.34104230999946594,3.8926556289881966,129.52107052828973,12.9,54.7
14.402511,48,7,0.6012564301490784,2.0903563499450684,-2.4347221851348877,0.5115634799003601,3.2648079703620065,73.95299402781055,37.7,39.300000000000004
14.698142,49,0,-0.11562623083591461,0.04094982147216797,-0.026858804747462273,0.0,0.12556953662566786,160.4980513568072,35.6,51.300000000000004
14.698142,49,1,-0.8055294156074524,2.1315276622772217,-0.7070043683052063,0.0,2.385821240425302,110.70216936946738,16.2,53.1
14.698142,49,2,2.050438642501831,0.46062278747558594,1.1294559240341187,0.0,2.385821171702166,12.661075279217131,16.2,53.1
14.698142,49,3,-1.7575188875198364,1.897630214691162,1.5467151403427124,0.0,3.0136689926173323,132.80477923858777,14.3,61.400000000000006
14.698142,49,4,1.2950139045715332,5.639441967010498,1.6877316236495972,0.0,6.027338114439885,77.06709305788989,11.700000000000001,67.7
14.698142,49,5,3.7000396251678467,4.033740997314453,-2.5233798027038574,0.0,6.027338159579349,47.47069690211467,11.700000000000001,67.7
14.698142,49,6,-0.10020940005779266,3.203400135040283,0.6222191452980042,0.17052115499973297,3.2648079597139286,91.79175366540855,38.300000000000004,40.2
14.985452,50,0,-0.11562623083591461,0.04096425697207451,-0.026836780831217766,0.0,0.12556953616214875,160.49169565270574,35.2,51.7
14.985452,50,1,-0.8055294156074524,2.1381266117095947,-0.6867891550064087,0.0,2.385821114531442,110.6436708303574,15.9,53.300000000000004
14.985452,50,2,2.050438642501831,0.41409602761268616,1.1473309993743896,0.0,2.3858211519044747,11.417588635748142,15.9,53.300000000000004
14.985452,50,3,-1.7575188875198364,1.8903453350067139,1.5556100606918335,0.0,3.013668990864169,132.91466083605815,14.3,61.5
14.985452,50,4,1.2950139045715332,5.60368537902832,1.802901268005371,0.0,6.027338037836002,76.98736957811606,11.4,67.9
14.985452,50,5,3.7000396251678467,4.068592071533203,-2.4667937755584717,0.0,6.027338235364685,47.716138424518554,11.4,67.9
14.985452,50,6,0.6243817210197449,1.5314373970031738,-2.959646224975586,0.34104230999946594,3.3903773848195238,67.81880637779156,34.2,40.7
15.280327,51,0,-0.11562623083591461,0.04097646474838257,-0.026818137615919113,0.0,0.12556953621711767,160.48632116709325,35.4,51.5
15.280327,51,1,-0.7322994470596313,2.1468942165374756,-0.7394088506698608,0.0,2.3858211805612815,108.8343613478812,16.0,53.300000000000004
15.280327,51,2,2.050438642501831,0.4093330502510071,1.1490389108657837,0.0,2.385821156620121,11.289654009329762,16.0,53.300000000000004
15.280327,51,3,-1.7575188875198364,1.8956199884414673,1.549178123474121,0.0,3.0136689663628604,132.83505515981813,14.4,61.400000000000006
15.280327,51,4,1.2950139045715332,5.641363143920898,1.6812986135482788,0.0,6.027338066057192,77.07134937227455,11.700000000000001,67.8
15.280327,51,5,3.7000396251678467,4.09350061416626,-2.4252350330352783,0.0,6.027338174638403,47.89015384741866,11.700000000000001,67.8
15.280327,51,6,-1.1446996927261353,3.980978488922119,-0.11183520406484604,0.25578173995018005,4.143794665358815,106.04218161751265,15.4,49.5
15.280327,51,7,-3.942854166030884,1.2739629745483398,0.04419713839888573,0.25578173995018005,4.14379464044127,162.09400271154277,15.4,49.5
15.280327,51,8,-0.21583564579486847,3.3215479850769043,1.1325277090072632,0.42630288004875183,3.5159472485851335,93.71787791683055,38.6,40.400000000000006
15.280327,51,9,0.8556341528892517,2.1130764484405518,-4.048307418823242,0.42630288004875183,4.646073055586185,67.9558218184552,12.100000000000001,54.5
15.596639,52,0,-0.11562623083591461,0.04097384959459305,-0.026822136715054512,0.0,0.12556953701388573,160.4874724610697,35.9,51.0
15.596639,52,1,-0.8055294156074524,2.141305685043335,-0.6768124103546143,0.0,2.385821182531879,110.61560160545197,16.6,52.7
15.596639,52,2,2.050438642501831,0.49111881852149963,1.1165331602096558,0.0,2.3858211622874137,13.469666981587512,16.6,52.7
15.596639,52,3,-1.7575188875198364,1.903446912765503,1.5395512580871582,0.0,3.0136690040519114,132.71736846428072,14.8,61.0
15.596639,52,4,-0.22354406118392944,3.319817304611206,1.4796909093856812,0.34104230999946594,3.641516726668332,93.85226790368267,32.4,40.7
15.596639,52,5,0.6937574148178101,2.2540178298950195,-2.937523126602173,0.5115634799003601,3.7670861215828273,72.89231424953566,34.0,40.5
15.596639,52,6,2.9677398204803467,3.1807942390441895,0.624908447265625,0.5115634799003601,4.394933696958961,46.984576592509875,14.3,52.0
15.893217,53,0,-0.11562623083591461,0.04097232595086098,-0.026824459433555603,0.0,0.12556953601509516,160.48814323677178,35.300000000000004,51.6
15.893217,53,1,-0.8055294156074524,2.1317801475524902,-0.7062424421310425,0.0,2.385821163451909,110.6999252998707,16.0,53.2
15.893217,53,2,2.050438642501831,0.5017198324203491,1.1118098497390747,0.0,2.385821149810999,13.749490864326045,16.0,53.2
15.893217,53,3,-1.7575188875198364,1.9017457962036133,1.541651964187622,0.0,3.013668942012482,132.7429022615257,14.5,61.2
15.893217,53,4,1.2950139045715332,5.645236968994141,1.6682460308074951,0.0,6.0273382407524405,77.07992335537827,11.700000000000001,67.7
15.893217,53,5,3.7000396251678467,4.150975227355957,-2.3254926204681396,0.0,6.027338093535722,48.28726310929926,11.700000000000001,67.7
15.893217,53,6,0.7168826460838318,2.2437305450439453,-3.099116086959839,0.25578173995018005,3.8926556497425535,72.28107020109938,30.900000000000002,40.6
15.893217,53,7,-0.12333464622497559,3.7199347019195557,1.5142680406570435,1.4494298696517944,4.018225145566149,91.89894921474823,18.900000000000002,40.7
15.893217,53,8,-1.4800158739089966,2.7295849323272705,-2.5505003929138184,1.4494298696517944,4.018225123616673,118.46711572373904,18.900000000000002,40.7
16.199958,54,0,-0.11562623083591461,0.04091683402657509,-0.026909029111266136,0.0,0.12556953616140132,160.51257704023303,35.6,51.300000000000004
16.199958,54,1,-0.8055294156074524,2.1350162029266357,-0.6963983774185181,0.0,2.385821142969292,110.67120462415096,16.0,53.1
16.199958,54,2,2.050438642501831,0.49168479442596436,1.1162840127944946,0.0,2.385821150244719,13.484623135764549,16.0,53.1
16.199958,54,3,-1.7575188875198364,1.9007537364959717,1.5428749322891235,0.0,3.0136689372720635,132.75780447732024,14.600000000000001,61.2
16.199958,54,4,0.7515705823898315,1.9465038776397705,-4.43045711517334,0.25578173995018005,4.897212057423134,68.88777372564344,14.9,55.900000000000006
16.199958,54,5,0.7400079369544983,2.5044445991516113,-3.0538957118988037,0.34104230999946594,4.018225169913855,73.53875648471252,31.3,41.2
16.505506,55,0,-0.11562623083591461,0.040964413434267044,-0.026836544275283813,0.0,0.12556953664791887,160.49162676781043,35.800000000000004,51.1
16.505506,55,1,-0.7322994470596313,2.1503169536590576,-0.7293947339057922,0.0,2.3858210660497807,108.80649086649225,16.2,53.0
16.505506,55,2,2.050438642501831,0.49232226610183716,1.1160030364990234,0.0,2.3858211621660668,13.501466354256834,16.2,53.0
16.505506,55,3,-1.7575188875198364,1.9114367961883545,1.5296200513839722,0.0,3.0136689876971676,132.59776915269387,14.600000000000001,61.2
16.505506,55,4,1.2950139045715332,5.632763862609863,1.7098883390426636,0.0,6.027338374187339,77.05227644793118,11.4,68.10000000000001
16.505506,55,5,3.7000396251678467,4.13414192199707,-2.35528826713562,0.0,6.027338175374977,48.17159107399158,11.4,68.10000000000001
16.505506,55,6,3.075657606124878,3.618335008621216,-0.46535030007362366,0.25578173995018005,4.771642154070894,49.63479373862603,14.3,50.1
16.505506,55,7,1.4645988941192627,4.349527835845947,1.3058056831359863,0.25578173995018005,4.771642358513925,71.39028522068156,14.3,50.1
16.505506,55,8,-0.23125246167182922,3.5927860736846924,1.1087594032287598,0.42630288004875183,3.7670859940463455,93.68280698644593,31.700000000000003,40.6
16.505506,55,9,0.7400079369544983,2.255140542984009,-3.242354393005371,0.5115634799003601,4.018225059053697,71.83312722003781,34.4,40.800000000000004
16.800266,56,0,-0.11562623083591461,0.0409272164106369,-0.026893237605690956,0.0,0.12556953662954828,160.50800498270132,35.9,51.0
16.800266,56,1,-0.7322994470596313,2.1433491706848145,-0.7496225237846375,0.0,2.385821048570989,108.86331180473603,16.3,52.800000000000004
16.800266,56,2,2.050438642501831,0.42028069496154785,1.1450799703598022,0.0,2.3858211642412175,11.583537977666206,16.3,52.800000000000004
16.800266,56,3,-1.7575188875198364,1.90090811252594,1.54268479347229,0.0,3.0136689705849475,132.7554849682268,15.0,60.800000000000004
16.800266,56,4,1.2950139045715332,5.612611770629883,1.7749171257019043,0.0,6.0273379450597115,77.00736234460841,11.5,68.0
16.800266,56,5,1.503141164779663,4.196263313293457,2.0284533500671387,0.17052115499973297,4.897211670853767,70.29199613793682,13.9,56.300000000000004
16.800266,56,6,3.306910276412964,3.61151385307312,0.0632222518324852,0.17052115499973297,4.897211955828693,47.520983851149566,13.9,56.300000000000004
16.800266,56,7,-0.2389608770608902,3.756589651107788,0.9918167591094971,0.25578173995018005,3.8926557247239715,93.6397447652646,34.1,41.300000000000004
16.800266,56,8,0.7862583994865417,2.3979523181915283,-3.4437036514282227,0.42630288004875183,4.269364405850517,71.8463335246713,32.9,40.5
16.800266,56,9,0.9481351375579834,2.635545253753662,-4.319775581359863,0.5115634799003601,5.148351201789607,70.21384884733956,15.100000000000001,55.400000000000006
17.086951,57,0,-0.11562623083591461,0.0409015491604805,-0.026932260021567345,0.0,0.12556953695429768,160.51930845812748,35.7,51.2
17.086951,57,1,-0.7322994470596313,2.121622323989868,-0.8090723752975464,0.0,2.38582100633841,109.04263308813081,16.1,52.900000000000006
17.086951,57,2,2.050438642501831,0.39955684542655945,1.1524748802185059,0.0,2.385821168681055,11.026706601839,16.1,52.900000000000006
17.086951,57,3,-1.7575188875198364,1.9038020372390747,1.5391119718551636,0.0,3.013668943147622,132.71204114574326,14.700000000000001,61.1
17.086951,57,4,0.7862583994865417,1.8390090465545654,-3.771911382675171,0.25578173995018005,4.26936435817174,66.85113132981166,37.4,39.6
17.086951,57,5,0.8093836307525635,2.0624051094055176,-4.78598165512085,0.25578173995018005,5.27392046775314,68.57264974427109,15.9,54.6
17.394239,58,0,-0.11562623083591461,0.04098902642726898,-0.02679893560707569,0.0,0.12556953649053482,160.48079124850574,35.9,51.0
17.394239,58,1,-0.8055294156074524,2.1157920360565186,-0.7527873516082764,0.0,2.3858211114814276,110.84295002183325,16.2,52.900000000000006
17.394239,58,2,2.050438642501831,0.4591183662414551,1.130068302154541,0.0,2.3858211727661867,12.621050267866389,16.2,52.900000000000006
17.394239,58,3,-1.7575188875198364,1.90277898311615,1.5403766632080078,0.0,3.0136689869880087,132.7273911655853,14.5,61.300000000000004
17.394239,58,4,1.2950139045715332,5.652397632598877,1.643821120262146,0.0,6.027338374893423,77.09574274226965,11.700000000000001,67.60000000000001
17.394239,58,5,-0.24666929244995117,3.870497941970825,1.0509673357009888,0.17052115499973297,4.018225030949435,93.64656480440163,36.300000000000004,42.400000000000006
17.394239,58,6,0.7130284309387207,1.7739654779434204,-4.234457492828369,0.17052115499973297,4.646072892113541,68.1028116461578,16.3,53.6
17.394239,58,7,-2.852113723754883,2.487725257873535,-2.694932699203491,0.17052115499973297,4.646072739973956,138.9037889546552,16.3,53.6
17.394239,58,8,0.9943855404853821,1.9888068437576294,-4.920400142669678,0.25578173995018005,5.399490052670472,63.435360942203815,15.600000000000001,53.1
17.685826,59,0,-0.11562623083591461,0.04100733622908592,-0.02677091211080551,0.0,0.12556953697919726,160.47273156150396,36.0,50.900000000000006
17.685826,59,1,-0.8055294156074524,2.1290831565856934,-0.7143316864967346,0.0,2.3858211344103424,110.72392002497007,16.5,52.6
17.685826,59,2,2.050438642501831,0.458744078874588,1.1302202939987183,0.0,2.3858211729997274,12.61109043421825,16.5,52.6
17.685826,59,3,-1.7575188875198364,1.8982276916503906,1.5459818840026855,0.0,3.0136690254574785,132.79578732102698,14.5,61.300000000000004
17.685826,59,4,1.1100119352340698,5.798464775085449,1.2142819166183472,0.0,6.027337788551025,79.16286275425018,11.8,67.5
17.685826,59,5,-0.12718884646892548,4.082276821136475,0.699909508228302,0.17052115499973297,4.143794682023061,91.78455009219579,28.8,41.6
17.685826,59,6,0.9712603688240051,1.7398430109024048,-4.057653427124023,0.34104230999946594,4.520503483162624,60.82773655648211,24.1,42.6
17.685826,59,7,-1.9425207376480103,3.500317096710205,-2.099844455718994,0.34104230999946594,4.5205036590990755,119.02833182094855,24.1,42.6
17.685826,59,8,-0.3815665543079376,3.879403591156006,1.405584692955017,0.42630288004875183,4.14379458799661,95.61737394756945,30.3,39.800000000000004
17.995135,60,0,-0.11562623083591461,0.04094794765114784,-0.026861658319830894,0.0,0.12556953596256018,160.49887640482754,35.300000000000004,51.6
17.995135,60,1,-0.7322994470596313,2.1313703060150146,-0.7830333709716797,0.0,2.3858212677360497,108.96177423069064,15.9,53.300000000000004
17.995135,60,2,2.050438642501831,0.462639719247818,1.1286312341690063,0.0,2.3858211582665425,12.714715883703198,15.9,53.300000000000004
17.995135,60,3,-1.7575188875198364,1.9091395139694214,1.5324863195419312,0.0,3.013668967118243,132.6321013243374,14.5,61.300000000000004
17.995135,60,4,1.2950139045715332,5.686311721801758,1.52236807346344,0.0,6.027338265074764,77.17015157423145,11.5,67.8
17.995135,60,5,3.7000396251678467,4.099806308746338,-2.414560079574585,0.0,6.027338166630749,47.934021938800676,11.5,67.8
17.995135,60,6,-2.782737970352173,2.297957181930542,-3.121591329574585,0.25578173995018005,4.771642301189509,140.4504466135321,23.700000000000003,41.7
17.995135,60,7,0.8787593245506287,2.678873062133789,-3.8496739864349365,0.25578173995018005,4.771642131944159,71.83879168352406,23.700000000000003,41.7
17.995135,60,8,-0.40469181537628174,4.163250923156738,1.3487064838409424,0.42630288004875183,4.39493377585517,95.55203453882747,25.6,40.300000000000004
17.995135,60,9,0.1464598923921585,3.3238418102264404,3.4204087257385254,0.42630288004875183,4.77164235149672,87.47698310082092,19.8,45.900000000000006
17.995135,60,10,-2.050438642501831,3.701838970184326,-2.204690456390381,0.42630288004875183,4.7716423164712305,118.98195058954414,19.8,45.900000000000006
17.995135,60,11,3.4764955043792725,3.7298924922943115,-0.7123196125030518,0.5115634799003601,5.148351020122779,47.013851971615225,12.600000000000001,52.7
17.995135,60,12,1.8962702751159668,4.75162935256958,0.5759341716766357,0.5115634799003601,5.148351447851442,68.24415007611354,12.600000000000001,52.7
17.995135,60,13,0.8325088620185852,1.638698697090149,-4.12995719909668,0.596824049949646,4.520503389176357,63.06804299632036,23.3,41.1
18.314925,61,0,-0.11562623083591461,0.0409102588891983,-0.026919027790427208,0.0,0.1255695368984183,160.51547264617267,35.6,51.300000000000004
18.314925,61,1,-0.8055294156074524,2.138399839401245,-0.6859384179115295,0.0,2.3858212476476788,110.64125553010652,16.2,52.900000000000006
18.314925,61,2,2.050438642501831,0.3938729166984558,1.1544297933578491,0.0,2.3858211686892097,10.87361059159464,16.2,52.900000000000006
18.314925,61,3,-1.7575188875198364,1.9078484773635864,1.5340932607650757,0.0,3.0136689574822815,132.65141510468254,14.700000000000001,61.1
18.314925,61,4,1.2950139045715332,5.706051826477051,1.4466218948364258,0.0,6.027337999987708,77.21307491294424,11.600000000000001,67.60000000000001
18.314925,61,5,3.7000396251678467,4.058955669403076,-2.4826176166534424,0.0,6.0273381010616625,47.64850339777689,11.600000000000001,67.60000000000001
18.314925,61,6,-0.40469181537628174,4.10710334777832,1.5110816955566406,0.25578173995018005,4.394933590557515,95.62745160925584,31.900000000000002,40.6
18.314925,61,7,0.6475068926811218,5.217226982116699,-4.669990539550781,-0.34104230999946594,7.031894069060616,82.92523191872495,14.200000000000001,43.400000000000006
18.596358,62,0,-0.11562623083591461,0.040902361273765564,-0.026931025087833405,0.0,0.12556953662163192,160.51895079133348,35.6,51.300000000000004
18.596358,62,1,-0.7322994470596313,2.1489129066467285,-0.7335209846496582,0.0,2.3858210736428114,108.81791404323262,16.0,53.1
18.596358,62,2,2.050438642501831,0.4587081968784332,1.1302348375320435,0.0,2.3858211635659745,12.610135569106786,16.0,53.1
18.596358,62,3,-1.7575188875198364,1.901970624923706,1.5413745641708374,0.0,3.0136689342285883,132.73952616438783,14.3,61.400000000000006
18.596358,62,4,1.1100119352340698,5.793689250946045,1.23686683177948,0.0,6.027337819671803,79.15414188297615,11.8,67.60000000000001
18.596358,62,5,3.7000396251678467,4.139840126037598,-2.3452584743499756,0.0,6.027338285551392,48.21080551305563,11.8,67.60000000000001
18.596358,62,6,-0.2697945535182953,4.192480564117432,1.2906429767608643,0.17052115499973297,4.394933637163671,93.68202156916091,29.6,43.900000000000006
18.596358,62,7,-4.154836177825928,4.513668060302734,0.47159796953201294,0.25578173995018005,6.152907253326262,132.62960013352918,12.0,52.300000000000004
18.596358,62,8,3.7771236896514893,4.823336124420166,0.5718694925308228,0.25578173995018005,6.1529073983402744,51.93573122551162,12.0,52.300000000000004
18.596358,62,9,0.9018846154212952,1.818669319152832,-4.456650257110596,0.34104230999946594,4.897212009517801,63.62302265419641,24.5,41.0
18.596358,62,10,1.0637613534927368,1.5877470970153809,-5.450866222381592,0.34104230999946594,5.776198718496969,56.17864207961169,16.6,52.900000000000006
18.888834,63,0,-0.11562623083591461,0.04094540327787399,-0.026865538209676743,0.0,0.12556953631436069,160.4999967121309,35.1,51.800000000000004
18.888834,63,1,-0.7322994470596313,2.140377998352051,-0.7580646276473999,0.0,2.3858211239913953,108.88764188852522,15.600000000000001,53.400000000000006
18.888834,63,2,2.050438642501831,0.4980277121067047,1.1134686470031738,0.0,2.385821170278709,13.652108986406747,15.600000000000001,53.400000000000006
18.888834,63,3,-1.7575188875198364,1.9065189361572266,1.53574538230896,0.0,3.013669021840046,132.67131969429224,14.5,61.300000000000004
18.888834,63,4,1.2950139045715332,5.648669719696045,1.6565855741500854,0.0,6.027338249984546,77.08751176666247,12.200000000000001,67.2
18.888834,63,5,3.7000396251678467,4.106012344360352,-2.403991222381592,0.0,6.027338085518312,47.97712415795862,12.200000000000001,67.2
18.888834,63,6,-0.27750298380851746,4.257248878479004,1.4945827722549438,0.25578173995018005,4.520503686809097,93.72947145191178,34.9,40.0
18.888834,63,7,1.0791782140731812,1.0277799367904663,-4.796600341796875,0.42630288004875183,5.022781306718927,43.602572905773826,26.6,45.7
19.193671,64,0,-0.11562623083591461,0.040979623794555664,-0.026813315227627754,0.0,0.12556953729770473,160.48493045207644,35.4,51.5
19.193671,64,1,-0.7322994470596313,2.139836549758911,-0.7595914602279663,0.0,2.385821059153267,108.89208217239917,15.8,53.300000000000004
19.193671,64,2,2.050438642501831,0.44638869166374207,1.1351568698883057,0.0,2.3858211605157322,12.281880199630477,15.8,53.300000000000004
19.193671,64,3,-1.7575188875198364,1.9084864854812622,1.5332995653152466,0.0,3.013669003432445,132.64186879894527,14.5,61.2
19.193671,64,4,1.2950139045715332,5.59501314163208,1.829636573791504,0.0,6.027337974614067,76.96788805710408,12.700000000000001,66.8
19.193671,64,5,3.7000396251678467,4.1679606437683105,-2.2949111461639404,0.0,6.02733824541159,48.403451701816174,12.700000000000001,66.8
19.193671,64,6,-0.7322994470596313,4.151726245880127,-2.2350566387176514,0.25578173995018005,4.771642429936424,100.00318669082422,27.0,40.400000000000006
19.193671,64,7,1.106157660484314,2.2356197834014893,4.503769397735596,0.34104230999946594,5.148351131553082,63.6743507368033,23.700000000000003,43.800000000000004
19.494839,65,0,-0.11562623083591461,0.04094841331243515,-0.026860952377319336,0.0,0.1255695368022947,160.4986713722276,35.2,51.7
19.494839,65,1,-0.7322994470596313,2.1273343563079834,-0.7939319610595703,0.0,2.3858210122479933,108.99517179801926,15.5,53.5
19.494839,65,2,2.050438642501831,0.42925769090652466,1.1417450904846191,0.0,2.3858211675464873,11.824061345409428,15.5,53.5
19.494839,65,3,-1.7575188875198364,1.9128206968307495,1.5278891324996948,0.0,3.013669002963615,132.57710875937065,14.200000000000001,61.5
19.494839,65,4,1.2950139045715332,5.615196228027344,1.7667242288589478,0.0,6.027338068594076,77.01313958220722,12.600000000000001,66.9
19.494839,65,5,3.7000396251678467,4.093935012817383,-2.424501657485962,0.0,6.027338169054103,47.89317830171853,12.600000000000001,66.9
19.494839,65,6,1.106157660484314,2.3416342735290527,4.449571132659912,0.17052115499973297,5.148351105491396,64.71455719770448,21.200000000000003,47.1
19.494839,65,7,-0.3006282150745392,4.44819450378418,2.0262959003448486,0.5115634799003601,4.897212139876016,93.86641683378318,19.5,40.7
19.494839,65,8,1.2950137853622437,1.6119304895401,-4.851686000823975,0.5115634799003601,5.273920520635343,51.22184595561724,20.400000000000002,41.400000000000006
19.494839,65,9,1.2950137853622437,1.6769458055496216,-4.829599380493164,0.7673451900482178,5.273920563972183,52.323048451267944,22.6,39.900000000000006
19.780958,66,0,-0.11562623083591461,0.04093961417675018,-0.0268743596971035,0.0,0.12556953641465224,160.50254575610037,35.4,51.5
19.780958,66,1,-0.7322994470596313,2.1225996017456055,-0.8065052628517151,0.0,2.385821093146332,109.03449669730153,15.5,53.5
19.780958,66,2,2.050438642501831,0.4155898690223694,1.1467907428741455,0.0,2.3858211529451694,11.457689851975646,15.5,53.5
19.780958,66,3,-1.7575188875198364,1.9075043201446533,1.534521222114563,0.0,3.013668985220416,132.65656605022542,14.200000000000001,61.5
19.780958,66,4,1.2950139045715332,5.622730731964111,1.7425966262817383,0.0,6.027338127161589,77.02995325966819,12.700000000000001,66.60000000000001
19.780958,66,5,-0.43937966227531433,4.499502182006836,1.5264321565628052,0.25578173995018005,4.77164222276717,95.57729168989316,23.900000000000002,41.900000000000006
19.780958,66,6,-0.6475068926811218,4.980212688446045,1.6101088523864746,0.34104230999946594,5.273920184716663,97.40780864341954,14.700000000000001,43.300000000000004
19.780958,66,7,-2.5900275707244873,3.262533187866211,-3.2344818115234375,0.34104230999946594,5.273920572791876,128.44501026190818,14.700000000000001,43.300000000000004
19.780958,66,8,-0.30833661556243896,4.440611839294434,2.3268494606018066,0.5115634799003601,5.022781439409972,93.97199249808104,20.700000000000003,39.800000000000004
20.093923,67,0,-0.11562623083591461,0.04092775657773018,-0.026892414316534996,0.0,0.12556953636761714,160.50776711809968,35.1,51.800000000000004
20.093923,67,1,-0.7322994470596313,2.121962785720825,-0.8081794381141663,0.0,2.3858211476006446,109.03979779125082,15.5,53.5
20.093923,67,2,2.050438642501831,0.4240154027938843,1.1437022686004639,0.0,2.385821151652625,11.683653926638566,15.5,53.5
20.093923,67,3,-1.7575188875198364,1.90738844871521,1.5346652269363403,0.0,3.013668975360225,132.65830050542513,14.200000000000001,61.5
20.093923,67,4,1.2950139045715332,5.629756927490234,1.719761610031128,0.0,6.027338058462853,77.04559410541685,12.700000000000001,66.7
20.093923,67,5,3.7000396251678467,4.066105365753174,-2.4708898067474365,0.0,6.0273379289954665,47.698701765019585,12.700000000000001,66.7
20.397785,68,0,-0.11562623083591461,0.040952540934085846,-0.026854658499360085,0.0,0.12556953670932866,160.49685398598072,35.300000000000004,51.6
20.397785,68,1,-0.8055294156074524,2.1186411380767822,-0.744731605052948,0.0,2.3858212579581286,110.81732470610409,15.600000000000001,53.400000000000006
20.397785,68,2,2.050438642501831,0.45540282130241394,1.1315706968307495,0.0,2.3858211580587882,12.52214488326601,15.600000000000001,53.400000000000006
20.397785,68,3,-1.7575188875198364,1.9064998626708984,1.535768985748291,0.0,3.0136689838035386,132.6716053530679,14.100000000000001,61.6
20.397785,68,4,1.2950139045715332,5.6023945808410645,1.8069090843200684,0.0,6.027338259254189,76.98447352489603,12.8,66.8
20.397785,68,5,3.7000396251678467,4.119246482849121,-2.3812429904937744,0.0,6.027337969124745,48.06879823419481,12.8,66.8
20.397785,68,6,-0.42781707644462585,4.331197261810303,1.6259444952011108,0.25578173995018005,4.64607282261971,95.64113251516665,24.700000000000003,41.2
20.703762,69,0,-0.11562623083591461,0.040926095098257065,-0.02689494378864765,0.0,0.1255695365871289,160.50849875903722,35.4,51.5
20.703762,69,1,-0.7322994470596313,2.1286978721618652,-0.7902690768241882,0.0,2.385821100773243,108.98387600963964,15.700000000000001,53.400000000000006
20.703762,69,2,2.050438642501831,0.4440299868583679,1.136081576347351,0.0,2.3858211592678265,12.218937898656462,15.700000000000001,53.400000000000006
20.703762,69,3,-1.7575188875198364,1.9055482149124146,1.536949634552002,0.0,3.0136689961730014,132.68586186440592,14.3,61.5
20.703762,69,4,1.2950139045715332,5.594973564147949,1.8297587633132935,0.0,6.027338328687864,76.96779901789888,11.9,67.60000000000001
20.703762,69,5,3.7000396251678467,4.179469108581543,-2.2738840579986572,0.0,6.0273380498044125,48.4818747903117,11.9,67.60000000000001
20.703762,69,6,1.3258473873138428,2.8390140533447266,-4.397342205047607,-0.25578173995018005,5.399489842367402,64.9669643747228,15.4,40.1
21.006252,70,0,-0.11562623083591461,0.040962330996990204,-0.026839720085263252,0.0,0.12556953608372726,160.49254359777197,35.1,51.800000000000004
21.006252,70,1,-0.7322994470596313,2.1388161182403564,-0.7624601721763611,0.0,2.385821112733265,108.90045594491183,15.4,53.7
21.006252,70,2,2.050438642501831,0.4498118460178375,1.1338047981262207,0.0,2.3858211675934067,12.373173894414675,15.4,53.7
21.006252,70,3,-1.7575188875198364,1.9013190269470215,1.5421783924102783,0.0,3.013669005753101,132.7493119442146,14.0,61.7
21.006252,70,4,1.1100119352340698,5.790768146514893,1.2504730224609375,0.0,6.02733813577405,79.14880063990834,11.8,67.60000000000001
21.006252,70,5,3.7000396251678467,4.112472057342529,-2.3929240703582764,0.0,6.0273381568263895,48.02191191154505,11.8,67.60000000000001
21.006252,70,6,-0.31604504585266113,3.7202281951904297,3.544790267944336,0.34104230999946594,5.14835122529638,94.85579696863834,19.900000000000002,39.800000000000004
21.295345,71,0,-0.11562623083591461,0.040944863110780716,-0.026866361498832703,0.0,0.12556953632416878,160.50023455389163,35.4,51.5
21.295345,71,1,-0.8055294156074524,2.108238458633423,-0.7736891508102417,0.0,2.3858210201000802,110.91118082939205,15.8,53.300000000000004
21.295345,71,2,2.050438642501831,0.4433433711528778,1.1363496780395508,0.0,2.385821150503646,12.200609845789142,15.8,53.300000000000004
21.295345,71,3,-1.7575188875198364,1.9065552949905396,1.5357002019882202,0.0,3.0136690002772513,132.67077516581008,14.4,61.300000000000004
21.295345,71,4,1.2950139045715332,5.602462291717529,1.8066991567611694,0.0,6.02733826711194,76.98462547346739,12.100000000000001,67.5
21.295345,71,5,3.7000396251678467,4.094545841217041,-2.4234697818756104,0.0,6.027338107100364,47.8974305317481,12.100000000000001,67.5
21.295345,71,6,1.106157660484314,2.3613171577453613,4.439157009124756,0.34104230999946594,5.148351040961777,64.89928612517902,22.1,41.2
21.295345,71,7,-0.43937966227531433,4.5307512283325195,1.4310171604156494,-0.34104230999946594,4.771642410539779,95.53906460062531,21.1,39.800000000000004
21.602723,72,0,-0.11562623083591461,0.04091227054595947,-0.02691596746444702,0.0,0.12556953628604817,160.51458672741117,35.2,51.7
21.602723,72,1,-0.7322994470596313,2.1533820629119873,-0.7202957272529602,0.0,2.3858211843585004,108.78159984937847,15.8,53.400000000000006
21.602723,72,2,2.050438642501831,0.4849309027194977,1.119234561920166,0.0,2.3858211608739084,13.306027022885129,15.8,53.400000000000006
21.602723,72,3,-1.7575188875198364,1.8993306159973145,1.5446265935897827,0.0,3.013668983561147,132.7791965176585,14.3,61.400000000000006
21.602723,72,4,1.2950139045715332,5.613688945770264,1.7715080976486206,0.0,6.027338179738341,77.0097708514039,12.0,67.60000000000001
21.602723,72,5,3.7000396251678467,4.146892547607422,-2.332765817642212,0.0,6.027338333723613,48.25925650760438,12.0,67.60000000000001
21.602723,72,6,1.1331369876861572,2.8037846088409424,4.320767402648926,0.25578173995018005,5.273920601737323,67.99412437281093,28.1,41.2
21.886966,73,0,-0.11562623083591461,0.04098833352327347,-0.026799995452165604,0.0,0.12556953650695463,160.48109626974272,35.800000000000004,51.1
21.886966,73,1,-0.8055294156074524,2.1410088539123535,-0.6777510643005371,0.0,2.3858212542226385,110.61821934775773,16.400000000000002,52.900000000000006
21.886966,73,2,2.050438642501831,0.453654021024704,1.1322729587554932,0.0,2.3858211690287168,12.475566660650674,16.400000000000002,52.900000000000006
21.886966,73,3,-1.7575188875198364,1.900986909866333,1.5425877571105957,0.0,3.0136690030359357,132.7543011117637,14.600000000000001,61.2
21.886966,73,4,1.2950139045715332,5.5898118019104,1.8454662561416626,0.0,6.027337944430188,76.95617611906745,12.100000000000001,67.5
21.886966,73,5,3.7000396251678467,4.115334987640381,-2.3879971504211426,0.0,6.027338191833006,48.0417368883554,12.100000000000001,67.5
21.886966,73,6,1.2950137853622437,2.9517033100128174,4.174281120300293,0.25578173995018005,5.2739203640095225,66.31128572417109,27.900000000000002,42.300000000000004
22.18289,74,0,-0.11562623083591461,0.04100625962018967,-0.02677255868911743,0.0,0.12556953644941454,160.47320544557186,35.1,51.800000000000004
22.18289,74,1,-0.8055294156074524,2.144174337387085,-0.6676687598228455,0.0,2.3858212006270723,110.59033579651891,16.0,53.2
22.18289,74,2,2.050438642501831,0.48019835352897644,1.121273159980774,0.0,2.385821155218882,13.18072484942902,16.0,53.2
22.18289,74,3,-1.7575188875198364,1.9037047624588013,1.5392323732376099,0.0,3.0136689867037436,132.71350028440048,14.3,61.400000000000006
22.499593,75,0,-0.11562623083591461,0.04095249995589256,-0.02685471810400486,0.0,0.12556953609217147,160.49687202842327,35.800000000000004,51.1
22.499593,75,1,-0.8055294156074524,2.1252365112304688,-0.7256960868835449,0.0,2.3858211748984934,110.75823520849255,16.1,53.0
22.499593,75,2,2.050438642501831,0.42871469259262085,1.1419490575790405,0.0,2.3858211509698704,11.809524544909673,16.1,53.0
22.499593,75,3,-1.7575188875198364,1.9013314247131348,1.5421631336212158,0.0,3.013669019200856,132.74912571925847,14.600000000000001,61.1
22.499593,75,4,1.2950139045715332,5.641818046569824,1.6797716617584229,0.0,6.027338112241689,77.07235679332673,11.5,68.10000000000001
22.499593,75,5,3.7000396251678467,4.124406814575195,-2.3722941875457764,0.0,6.027338095062364,48.10445606140758,11.5,68.10000000000001
22.499593,75,6,1.3258473873138428,3.1703555583953857,4.164788722991943,-0.25578173995018005,5.399489861853278,67.30524619343483,28.0,40.2
22.808757,76,0,-0.11562623083591461,0.04100599139928818,-0.02677297033369541,0.0,0.12556953662591752,160.47332350708712,35.5,51.400000000000006
22.808757,76,1,-0.7322994470596313,2.1125540733337402,-0.8324633240699768,0.0,2.3858211120795403,109.11845200975463,16.1,53.0
22.808757,76,2,2.050438642501831,0.38414502143859863,1.157703161239624,0.0,2.3858211654910417,10.61122681582653,16.1,53.0
22.808757,76,3,-1.7575188875198364,1.8986537456512451,1.5454585552215576,0.0,3.013668998375895,132.78937714855758,14.4,61.300000000000004
22.808757,76,4,1.2950139045715332,5.642238616943359,1.6783580780029297,0.0,6.027338007906825,77.07328804531595,12.100000000000001,67.2
22.808757,76,5,3.7000396251678467,4.127556800842285,-2.366809368133545,0.0,6.027338131968069,48.12619813853859,12.100000000000001,67.2
23.091216,77,0,-0.11562623083591461,0.04100378230214119,-0.026776352897286415,0.0,0.12556953649226238,160.47429588140744,35.5,51.400000000000006
23.091216,77,1,-0.8055294156074524,2.1031887531280518,-0.7873132228851318,0.0,2.3858211755332768,110.95703283527162,15.8,53.2
23.091216,77,2,2.050438642501831,0.38555625081062317,1.1572339534759521,0.0,2.3858211735755632,10.649319128396225,15.8,53.2
23.091216,77,3,-1.7575188875198364,1.8920148611068726,1.5535790920257568,0.0,3.0136690046881056,132.88943837972738,14.5,61.2
23.091216,77,4,1.2950139045715332,5.621730327606201,1.7458215951919556,0.0,6.0273382128099895,77.02772326397267,12.4,67.10000000000001
23.091216,77,5,3.7000396251678467,4.0694661140441895,-2.4653513431549072,0.0,6.027338129420137,47.72226439754594,12.4,67.10000000000001
23.389525,78,0,-0.11562623083591461,0.04097829386591911,-0.026815343648195267,0.0,0.12556953643480828,160.4855159270624,35.5,51.400000000000006
23.389525,78,1,-0.8055294156074524,2.1122212409973145,-0.7627493739128113,0.0,2.385821204058155,110.87515160662369,16.1,53.0
23.389525,78,2,2.050438642501831,0.39860621094703674,1.1528040170669556,0.0,2.3858211667759206,11.001112402564432,16.1,53.0
23.389525,78,3,-1.7575188875198364,1.897342324256897,1.5470682382583618,0.0,3.0136689714089964,132.80911302452836,14.5,61.2
23.389525,78,4,1.1100119352340698,5.842912673950195,0.9782871603965759,0.0,6.027337785454429,79.24337186818136,11.200000000000001,67.5
23.389525,78,5,3.7000396251678467,4.09235143661499,-2.427173614501953,0.0,6.027338157388506,47.88215111753631,11.200000000000001,67.5
23.389525,78,6,1.618767261505127,4.297163486480713,2.5938808917999268,0.25578173995018005,5.273920700703478,69.35830731256402,17.8,41.400000000000006
23.690261,79,0,-0.11562623083591461,0.04100675880908966,-0.026771795004606247,0.0,0.12556953664450515,160.47298572043346,35.0,51.900000000000006
23.690261,79,1,-0.8055294156074524,2.125502109527588,-0.724917471408844,0.0,2.3858210740474446,110.75586236638583,15.600000000000001,53.5
23.690261,79,2,2.050438642501831,0.42644456028938293,1.1427987813949585,0.0,2.385821167737213,11.748733342094647,15.600000000000001,53.5
23.690261,79,3,-1.7575188875198364,1.9028841257095337,1.5402467250823975,0.0,3.0136689615804437,132.7258131835208,14.3,61.400000000000006
23.690261,79,4,1.1100119352340698,5.826014995574951,1.0743476152420044,0.0,6.0273377226933675,79.21290452435008,11.5,67.3
23.99505,80,0,-0.11562623083591461,0.04095618426799774,-0.02684910222887993,0.0,0.12556953682167998,160.49524986490027,35.800000000000004,51.1
23.99505,80,1,-0.7322994470596313,2.1427385807037354,-0.7513665556907654,0.0,2.385821201685219,108.86830682008672,16.400000000000002,52.800000000000004
23.99505,80,2,2.050438642501831,0.4862312972545624,1.1186702251434326,0.0,2.3858211529192763,13.340434512985645,16.400000000000002,52.800000000000004
23.99505,80,3,-1.7575188875198364,1.9076099395751953,1.5343899726867676,0.0,3.0136690113276776,132.6549851543397,14.4,61.300000000000004
23.99505,80,4,1.1100119352340698,5.846324443817139,0.9576863050460815,0.0,6.02733764257559,79.24950283140444,12.0,67.0
23.99505,80,5,3.7000396251678467,4.096294403076172,-2.4205129146575928,0.0,6.027338038845141,47.909599136228486,12.0,67.0
24.293927,81,0,-0.11562623083591461,0.04099750146269798,-0.026785967871546745,0.0,0.12556953634667792,160.4770605711596,35.2,51.7
24.293927,81,1,-0.7322994470596313,2.134789228439331,-0.7736632227897644,0.0,2.3858210981383077,108.93357095647028,15.9,53.2
24.293927,81,2,2.050438642501831,0.5078035593032837,1.1090444326400757,0.0,2.385821165778312,13.909776030483863,15.9,53.2
24.293927,81,3,-1.7575188875198364,1.9063085317611694,1.5360064506530762,0.0,3.0136689723163443,132.67447103862685,14.600000000000001,61.1
24.293927,81,4,1.2950139045715332,5.580150127410889,1.8744783401489258,0.0,6.027338177434948,76.93436578627744,12.200000000000001,67.5
24.293927,81,5,3.7000396251678467,4.174555778503418,-2.2828919887542725,0.0,6.027338136189718,48.44842309840751,12.200000000000001,67.5
24.585494,82,0,-0.11562623083591461,0.04097525402903557,-0.02681998908519745,0.0,0.12556953657075556,160.48685417152555,35.7,51.2
24.585494,82,1,-0.8055294156074524,2.1318325996398926,-0.706084132194519,0.0,2.3858211739426642,110.69945916812715,16.1,53.1
24.585494,82,2,2.050438642501831,0.4952588677406311,1.1147029399871826,0.0,2.385821162022953,13.57902623643519,16.1,53.1
24.585494,82,3,-1.7575188875198364,1.9012207984924316,1.5422993898391724,0.0,3.01366895536113,132.75078746516135,14.5,61.2
24.585494,82,4,1.2950139045715332,5.652911186218262,1.6420538425445557,0.0,6.027338277724298,77.09687582504232,11.700000000000001,67.7
24.585494,82,5,3.7000396251678467,4.183548927307129,-2.266368865966797,0.0,6.027337944035366,48.50961815337783,11.700000000000001,67.7
24.88923,83,0,-0.11562623083591461,0.040980007499456406,-0.026812726631760597,0.0,0.12556953683678712,160.48476153431127,35.7,51.2
24.88923,83,1,-0.8055294156074524,2.118985891342163,-0.7437500953674316,0.0,2.385821253043716,110.81422801892771,16.0,53.1
24.88923,83,2,2.050438642501831,0.4368881285190582,1.1388471126556396,0.0,2.3858211604203956,12.028174447598186,16.0,53.1
24.88923,83,3,-1.7575188875198364,1.9051573276519775,1.5374341011047363,0.0,3.013668976237224,132.69171992526512,14.3,61.400000000000006
25.194911,84,0,-0.11562623083591461,0.041004378348588943,-0.026775440201163292,0.0,0.12556953650882252,160.47403351956095,35.300000000000004,51.6
25.194911,84,1,-0.8055294156074524,2.126993179321289,-0.7205311059951782,0.0,2.3858211791739135,110.7425508434731,16.0,53.2
25.194911,84,2,2.050438642501831,0.4518231153488159,1.1330047845840454,0.0,2.3858211576139987,12.426783651841912,16.0,53.2
25.194911,84,3,-1.7575188875198364,1.9054343700408936,1.53709077835083,0.0,3.013668999643667,132.68756787496648,14.5,61.300000000000004
25.194911,84,4,1.2950139045715332,5.608152389526367,1.7889580726623535,0.0,6.027338154021866,76.99738205806935,11.9,67.8
25.194911,84,5,3.7000396251678467,4.127384185791016,-2.367110013961792,0.0,6.0273379914459895,48.12500717814406,11.9,67.8
25.496827,85,0,-0.11562623083591461,0.040953099727630615,-0.026853805407881737,0.0,0.12556953651067543,160.49660795307463,35.1,51.800000000000004
25.496827,85,1,-0.8055294156074524,2.1348958015441895,-0.6967674493789673,0.0,2.3858211587153724,110.67227184681951,15.600000000000001,53.5
25.496827,85,2,2.050438642501831,0.4595447778701782,1.1298949718475342,0.0,2.385821174551614,12.63239618987047,15.600000000000001,53.5
25.496827,85,3,-1.7575188875198364,1.9013673067092896,1.542118787765503,0.0,3.0136689649978554,132.74858674864052,14.3,61.400000000000006
25.496827,85,4,1.2950139045715332,5.634252071380615,1.7049766778945923,0.0,6.027337960414601,77.05558120325855,11.8,67.60000000000001
25.496827,85,5,3.7000396251678467,4.143787860870361,-2.338275909423828,0.0,6.02733815977672,48.237938237629706,11.8,67.60000000000001
25.793464,86,0,-0.11562623083591461,0.04097026586532593,-0.026827605441212654,0.0,0.12556953593967402,160.48905018685178,35.6,51.300000000000004
25.793464,86,1,-0.8055294156074524,2.1382429599761963,-0.6864271759986877,0.0,2.3858212135963126,110.6426422594571,16.1,53.0
25.793464,86,2,2.050438642501831,0.496277779340744,1.1142497062683105,0.0,2.385821172856664,13.605925328288254,16.1,53.0
25.793464,86,3,-1.7575188875198364,1.9067246913909912,1.535489797592163,0.0,3.013668961126729,132.66823834669214,14.4,61.400000000000006
25.793464,86,4,1.2950139045715332,5.6037163734436035,1.8028053045272827,0.0,6.027338149885507,76.98743910205702,11.4,68.0
25.793464,86,5,3.7000396251678467,4.171620845794678,-2.28825044631958,0.0,6.027338037140664,48.42841998804778,11.4,68.0
26.092689,87,0,-0.11562623083591461,0.04102618992328644,-0.026742007583379745,0.0,0.1255695364590127,160.4644333018996,35.6,51.300000000000004
26.092689,87,1,-0.7322994470596313,2.143629312515259,-0.7488211393356323,0.0,2.385821076349691,108.86102091868808,16.1,53.1
26.092689,87,2,2.050438642501831,0.4874623119831085,1.1181343793869019,0.0,2.385821163171205,13.372997237647667,16.1,53.1
26.092689,87,3,-1.7575188875198364,1.9112824201583862,1.5298129320144653,0.0,3.013668982578239,132.60007485332963,14.600000000000001,61.2
26.381189,88,0,-0.11562623083591461,0.040964704006910324,-0.026836102828383446,0.0,0.12556953709681962,160.4914988388748,35.300000000000004,51.6
26.381189,88,1,-0.8055294156074524,2.1464221477508545,-0.6604063510894775,0.0,2.3858210796963784,110.57057944672984,15.9,53.300000000000004
26.381189,88,2,2.050438642501831,0.4912775456905365,1.116463303565979,0.0,2.385821150416336,13.47386160338621,15.9,53.300000000000004
26.381189,88,3,-1.7575188875198364,1.905951976776123,1.5364489555358887,0.0,3.0136690214310358,132.67981222069548,14.5,61.2
26.381189,88,4,1.2950139045715332,5.6904616355896,1.5067812204360962,0.0,6.027338076249711,77.17919874807792,12.600000000000001,66.7
26.381189,88,5,3.7000396251678467,4.0889081954956055,-2.432969570159912,0.0,6.027338084787301,47.85815800252933,12.600000000000001,66.7
26.704348,89,0,-0.11562623083591461,0.040971189737319946,-0.026826195418834686,0.0,0.12556953614018485,160.48864345210376,35.1,51.800000000000004
26.704348,89,1,-0.8055294156074524,2.1425774097442627,-0.6727755069732666,0.0,2.3858211330563854,110.6043935076859,15.8,53.400000000000006
26.704348,89,2,2.050438642501831,0.477340430021286,1.122492790222168,0.0,2.3858211535859946,13.104994247629334,15.8,53.400000000000006
26.704348,89,3,-1.7575188875198364,1.8987736701965332,1.5453110933303833,0.0,3.013668937655648,132.78757310969357,14.5,61.300000000000004
26.704348,89,4,1.2950139045715332,5.677707195281982,1.5541508197784424,0.0,6.02733811719638,77.1513528981601,11.3,68.0
26.982383,90,0,-0.11562623083591461,0.04097022861242294,-0.02682766318321228,0.0,0.1255695361214108,160.4890665874894,35.2,51.7
26.982383,90,1,-0.8055294156074524,2.121105432510376,-0.7376832962036133,0.0,2.385821146006494,110.79520893235045,15.8,53.400000000000006
26.982383,90,2,2.050438642501831,0.44914349913597107,1.1340696811676025,0.0,2.385821148205465,12.35535443880523,15.8,53.400000000000006
26.982383,90,3,-1.7575188875198364,1.9082179069519043,1.533633828163147,0.0,3.0136690162138273,132.64588703026158,14.3,61.400000000000006
26.982383,90,4,1.2950139045715332,5.625484466552734,1.7336868047714233,0.0,6.027338254445179,77.03608770371207,11.5,67.8
26.982383,90,5,3.7000396251678467,4.14225435256958,-2.3409910202026367,0.0,6.0273379949910915,48.227401873821755,11.5,67.8
27.276396,91,0,-0.11562623083591461,0.04096776247024536,-0.026831429451704025,0.0,0.1255695362162353,160.49015231709825,35.2,51.7
27.276396,91,1,-0.8055294156074524,2.1286959648132324,-0.7154844999313354,0.0,2.3858210787196543,110.72736917837152,15.9,53.300000000000004
27.276396,91,2,2.050438642501831,0.49970653653144836,1.1127161979675293,0.0,2.3858211556058264,13.696398987004764,15.9,53.300000000000004
27.276396,91,3,-1.7575188875198364,1.9086930751800537,1.5330424308776855,0.0,3.013669024644315,132.6387784053507,14.4,61.300000000000004
27.276396,91,4,1.2950139045715332,5.604463577270508,1.8004813194274902,0.0,6.027338217123103,76.98911494290407,11.8,67.8
27.276396,91,5,3.7000396251678467,4.14567756652832,-2.33492374420166,0.0,6.027338102733668,48.250915980742484,11.8,67.8
